Category,Music_name,Difficulty,Stars,Stars_in_detail,SD_or_DX
流行＆动漫,LOSER,Basic,1,1.0,DX
流行＆动漫,LOSER,Advanced,6,6.5,DX
流行＆动漫,LOSER,Expert,8,8.2,DX
流行＆动漫,LOSER,Master,11+,11.7,DX
流行＆动漫,U.S.A.,Basic,2,2.0,DX
流行＆动漫,U.S.A.,Advanced,6,6.2,DX
流行＆动漫,U.S.A.,Expert,8+,8.8,DX
流行＆动漫,U.S.A.,Master,11,11.0,DX
流行＆动漫,U.S.A.,Re:Master,12,12.4,DX
流行＆动漫,新宝島,Basic,3,3.0,DX
流行＆动漫,新宝島,Advanced,6,6.8,DX
流行＆动漫,新宝島,Expert,8+,8.8,DX
流行＆动漫,新宝島,Master,11,11.2,DX
流行＆动漫,HOT LIMIT,Basic,4,4.0,DX
流行＆动漫,HOT LIMIT,Advanced,6,6.0,DX
流行＆动漫,HOT LIMIT,Expert,9,9.2,DX
流行＆动漫,HOT LIMIT,Master,11+,11.8,DX
流行＆动漫,ネ！コ！,Basic,4,4.0,SD
流行＆动漫,ネ！コ！,Advanced,7,7.0,SD
流行＆动漫,ネ！コ！,Expert,9,9.0,SD
流行＆动漫,ネ！コ！,Master,11+,11.8,SD
流行＆动漫,SHINY DAYS,Basic,3,3.0,SD
流行＆动漫,SHINY DAYS,Advanced,5,5.8,SD
流行＆动漫,SHINY DAYS,Expert,7+,7.8,SD
流行＆动漫,SHINY DAYS,Master,11,11.0,SD
流行＆动漫,only my railgun,Basic,4,4.0,SD
流行＆动漫,only my railgun,Advanced,6,6.2,SD
流行＆动漫,only my railgun,Expert,9,9.0,SD
流行＆动漫,only my railgun,Master,10+,10.7,SD
流行＆动漫,only my railgun,Re:Master,11+,11.7,SD
流行＆动漫,シュガーソングとビターステップ,Basic,4,4.0,DX
流行＆动漫,シュガーソングとビターステップ,Advanced,7,7.5,DX
流行＆动漫,シュガーソングとビターステップ,Expert,9,9.0,DX
流行＆动漫,シュガーソングとビターステップ,Master,11,11.2,DX
流行＆动漫,かくしん的☆めたまるふぉ～ぜっ！,Basic,4,4.0,DX
流行＆动漫,かくしん的☆めたまるふぉ～ぜっ！,Advanced,6,6.7,DX
流行＆动漫,かくしん的☆めたまるふぉ～ぜっ！,Expert,8+,8.8,DX
流行＆动漫,かくしん的☆めたまるふぉ～ぜっ！,Master,11+,11.7,DX
流行＆动漫,にめんせい☆ウラオモテライフ！,Basic,4,4.0,SD
流行＆动漫,にめんせい☆ウラオモテライフ！,Advanced,6,6.7,SD
流行＆动漫,にめんせい☆ウラオモテライフ！,Expert,9,9.0,SD
流行＆动漫,にめんせい☆ウラオモテライフ！,Master,10+,10.8,SD
流行＆动漫,にめんせい☆ウラオモテライフ！,Re:Master,11,11.3,SD
流行＆动漫,うまるん体操,Basic,4,4.0,SD
流行＆动漫,うまるん体操,Advanced,6,6.8,SD
流行＆动漫,うまるん体操,Expert,8,8.5,SD
流行＆动漫,うまるん体操,Master,10,10.5,SD
流行＆动漫,うまるん体操,Re:Master,11,11.2,SD
流行＆动漫,ジンギスカン,Basic,4,4.0,SD
流行＆动漫,ジンギスカン,Advanced,6,6.8,SD
流行＆动漫,ジンギスカン,Expert,8+,8.9,SD
流行＆动漫,ジンギスカン,Master,12,12.2,SD
流行＆动漫,にじよめちゃん体操第一億,Basic,4,4.0,SD
流行＆动漫,にじよめちゃん体操第一億,Advanced,6,6.2,SD
流行＆动漫,にじよめちゃん体操第一億,Expert,8,8.2,SD
流行＆动漫,にじよめちゃん体操第一億,Master,12,12.2,SD
流行＆动漫,Rodeo Machine,Basic,3,3.0,SD
流行＆动漫,Rodeo Machine,Advanced,6,6.5,SD
流行＆动漫,Rodeo Machine,Expert,9+,9.7,SD
流行＆动漫,Rodeo Machine,Master,12,12.3,SD
流行＆动漫,REVIVER オルタンシア・サーガ -蒼の騎士団- 原创乐曲Ver.,Basic,5,5.0,SD
流行＆动漫,REVIVER オルタンシア・サーガ -蒼の騎士団- 原创乐曲Ver.,Advanced,7,7.2,SD
流行＆动漫,REVIVER オルタンシア・サーガ -蒼の騎士団- 原创乐曲Ver.,Expert,9,9.5,SD
流行＆动漫,REVIVER オルタンシア・サーガ -蒼の騎士団- 原创乐曲Ver.,Master,12,12.0,SD
流行＆动漫,ミラクル・ショッピング,Basic,4,4.0,SD
流行＆动漫,ミラクル・ショッピング,Advanced,6,6.2,SD
流行＆动漫,ミラクル・ショッピング,Expert,9,9.2,SD
流行＆动漫,ミラクル・ショッピング,Master,11,11.5,SD
流行＆动漫,日本の米は世界一,Basic,4,4.0,SD
流行＆动漫,日本の米は世界一,Advanced,6,6.7,SD
流行＆动漫,日本の米は世界一,Expert,9,9.0,SD
流行＆动漫,日本の米は世界一,Master,11+,11.7,SD
流行＆动漫,ポップミュージックは僕のもの,Basic,4,4.0,SD
流行＆动漫,ポップミュージックは僕のもの,Advanced,6,6.2,SD
流行＆动漫,ポップミュージックは僕のもの,Expert,8,8.5,SD
流行＆动漫,ポップミュージックは僕のもの,Master,12,12.0,SD
流行＆动漫,きらっせ☆ウッド村ファーム,Basic,5,5.0,SD
流行＆动漫,きらっせ☆ウッド村ファーム,Advanced,7,7.3,SD
流行＆动漫,きらっせ☆ウッド村ファーム,Expert,8+,8.7,SD
流行＆动漫,きらっせ☆ウッド村ファーム,Master,11,11.0,SD
流行＆动漫,夏祭り,Basic,4,4.0,SD
流行＆动漫,夏祭り,Advanced,6,6.2,SD
流行＆动漫,夏祭り,Expert,7,7.0,SD
流行＆动漫,夏祭り,Master,10,10.4,SD
流行＆动漫,fake!fake!,Basic,4,4.0,SD
流行＆动漫,fake!fake!,Advanced,7,7.0,SD
流行＆动漫,fake!fake!,Expert,8+,8.7,SD
流行＆动漫,fake!fake!,Master,11+,11.7,SD
流行＆动漫,HIMITSUスパーク,Basic,4,4.0,SD
流行＆动漫,HIMITSUスパーク,Advanced,6,6.8,SD
流行＆动漫,HIMITSUスパーク,Expert,8+,8.7,SD
流行＆动漫,HIMITSUスパーク,Master,11+,11.7,SD
流行＆动漫,POP STAR,Basic,4,4.0,SD
流行＆动漫,POP STAR,Advanced,6,6.2,SD
流行＆动漫,POP STAR,Expert,7+,7.9,SD
流行＆动漫,POP STAR,Master,10,10.4,SD
流行＆动漫,Love or Lies,Basic,4,4.0,SD
流行＆动漫,Love or Lies,Advanced,6,6.0,SD
流行＆动漫,Love or Lies,Expert,8,8.0,SD
流行＆动漫,Love or Lies,Master,10,10.1,SD
流行＆动漫,jelly,Basic,4,4.0,SD
流行＆动漫,jelly,Advanced,7,7.2,SD
流行＆动漫,jelly,Expert,7+,7.7,SD
流行＆动漫,jelly,Master,10+,10.7,SD
流行＆动漫,美しく燃える森,Basic,4,4.0,SD
流行＆动漫,美しく燃える森,Advanced,6,6.4,SD
流行＆动漫,美しく燃える森,Expert,7+,7.9,SD
流行＆动漫,美しく燃える森,Master,9+,9.7,SD
流行＆动漫,Love You,Basic,5,5.0,SD
流行＆动漫,Love You,Advanced,6,6.0,SD
流行＆动漫,Love You,Expert,8,8.3,SD
流行＆动漫,Love You,Master,10,10.6,SD
流行＆动漫,come again,Basic,5,5.0,SD
流行＆动漫,come again,Advanced,6,6.4,SD
流行＆动漫,come again,Expert,8+,8.8,SD
流行＆动漫,come again,Master,10,10.1,SD
流行＆动漫,Future,Basic,6,6.0,SD
流行＆动漫,Future,Advanced,6,6.2,SD
流行＆动漫,Future,Expert,7+,7.9,SD
流行＆动漫,Future,Master,9,9.5,SD
流行＆动漫,Future,Re:Master,11,11.3,SD
流行＆动漫,ウッーウッーウマウマ(ﾟ∀ﾟ),Basic,5,5.0,SD
流行＆动漫,ウッーウッーウマウマ(ﾟ∀ﾟ),Advanced,7,7.5,SD
流行＆动漫,ウッーウッーウマウマ(ﾟ∀ﾟ),Expert,8,8.0,SD
流行＆动漫,ウッーウッーウマウマ(ﾟ∀ﾟ),Master,11+,11.7,SD
流行＆动漫,NIGHT OF FIRE,Basic,6,6.0,SD
流行＆动漫,NIGHT OF FIRE,Advanced,7,7.4,SD
流行＆动漫,NIGHT OF FIRE,Expert,8+,8.7,SD
流行＆动漫,NIGHT OF FIRE,Master,10,10.1,SD
流行＆动漫,YATTA!,Basic,3,3.0,SD
流行＆动漫,YATTA!,Advanced,6,6.1,SD
流行＆动漫,YATTA!,Expert,8,8.1,SD
流行＆动漫,YATTA!,Master,10,10.0,SD
流行＆动漫,バラライカ,Basic,4,4.0,SD
流行＆动漫,バラライカ,Advanced,6,6.9,SD
流行＆动漫,バラライカ,Expert,8,8.3,SD
流行＆动漫,バラライカ,Master,10,10.0,SD
流行＆动漫,若い力 -SEGA HARD GIRLS MIX-,Basic,4,4.0,SD
流行＆动漫,若い力 -SEGA HARD GIRLS MIX-,Advanced,6,6.3,SD
流行＆动漫,若い力 -SEGA HARD GIRLS MIX-,Expert,8,8.6,SD
流行＆动漫,若い力 -SEGA HARD GIRLS MIX-,Master,11,11.1,SD
流行＆动漫,若い力 -SEGA HARD GIRLS MIX-,Re:Master,11+,11.7,SD
流行＆动漫,セハガガガンバッちゃう！！,Basic,5,5.0,SD
流行＆动漫,セハガガガンバッちゃう！！,Advanced,7,7.3,SD
流行＆动漫,セハガガガンバッちゃう！！,Expert,9+,9.7,SD
流行＆动漫,セハガガガンバッちゃう！！,Master,11+,11.9,SD
流行＆动漫,ラブリー☆えんじぇる!!,Basic,4,4.0,SD
流行＆动漫,ラブリー☆えんじぇる!!,Advanced,6,6.5,SD
流行＆动漫,ラブリー☆えんじぇる!!,Expert,8+,8.7,SD
流行＆动漫,ラブリー☆えんじぇる!!,Master,10+,10.8,SD
流行＆动漫,ラブって♡ジュエリー♪えんじぇる☆ブレイク！！,Basic,4,4.0,SD
流行＆动漫,ラブって♡ジュエリー♪えんじぇる☆ブレイク！！,Advanced,7+,7.7,SD
流行＆动漫,ラブって♡ジュエリー♪えんじぇる☆ブレイク！！,Expert,10,10.0,SD
流行＆动漫,ラブって♡ジュエリー♪えんじぇる☆ブレイク！！,Master,12,12.0,SD
流行＆动漫,真・ハンサム体操でズンドコホイ,Basic,5,5.0,SD
流行＆动漫,真・ハンサム体操でズンドコホイ,Advanced,6,6.2,SD
流行＆动漫,真・ハンサム体操でズンドコホイ,Expert,8+,8.9,SD
流行＆动漫,真・ハンサム体操でズンドコホイ,Master,12,12.0,SD
流行＆动漫,GET!! 夢＆DREAM,Basic,4,4.0,SD
流行＆动漫,GET!! 夢＆DREAM,Advanced,7,7.0,SD
流行＆动漫,GET!! 夢＆DREAM,Expert,8,8.5,SD
流行＆动漫,GET!! 夢＆DREAM,Master,11,11.0,SD
流行＆动漫,君の知らない物語,Basic,3,3.0,SD
流行＆动漫,君の知らない物語,Advanced,6,6.6,SD
流行＆动漫,君の知らない物語,Expert,8,8.3,SD
流行＆动漫,君の知らない物語,Master,10,10.4,SD
流行＆动漫,コネクト,Basic,5,5.0,SD
流行＆动漫,コネクト,Advanced,7,7.3,SD
流行＆动漫,コネクト,Expert,7+,7.8,SD
流行＆动漫,コネクト,Master,10+,10.8,SD
流行＆动漫,true my heart -Lovable mix-,Basic,4,4.0,SD
流行＆动漫,true my heart -Lovable mix-,Advanced,6,6.2,SD
流行＆动漫,true my heart -Lovable mix-,Expert,8+,8.8,SD
流行＆动漫,true my heart -Lovable mix-,Master,11,11.0,SD
流行＆动漫,Arrival of Tears,Basic,4,4.0,SD
流行＆动漫,Arrival of Tears,Advanced,6,6.2,SD
流行＆动漫,Arrival of Tears,Expert,9,9.2,SD
流行＆动漫,Arrival of Tears,Master,12,12.3,SD
流行＆动漫,シュガーソングとビターステップ,Basic,5,5.0,SD
流行＆动漫,シュガーソングとビターステップ,Advanced,7,7.0,SD
流行＆动漫,シュガーソングとビターステップ,Expert,8,8.3,SD
流行＆动漫,シュガーソングとビターステップ,Master,11+,11.7,SD
流行＆动漫,かくしん的☆めたまるふぉ～ぜっ！,Basic,4,4.0,SD
流行＆动漫,かくしん的☆めたまるふぉ～ぜっ！,Advanced,6,6.8,SD
流行＆动漫,かくしん的☆めたまるふぉ～ぜっ！,Expert,8,8.3,SD
流行＆动漫,かくしん的☆めたまるふぉ～ぜっ！,Master,11,11.0,SD
流行＆动漫,かくしん的☆めたまるふぉ～ぜっ！,Re:Master,12,12.0,SD
niconico＆VOCALOID,デンパラダイム,Basic,4,4.0,DX
niconico＆VOCALOID,デンパラダイム,Advanced,7+,7.9,DX
niconico＆VOCALOID,デンパラダイム,Expert,11,11.2,DX
niconico＆VOCALOID,デンパラダイム,Master,12+,12.8,DX
niconico＆VOCALOID,骸骨楽団とリリア,Basic,4,4.0,DX
niconico＆VOCALOID,骸骨楽団とリリア,Advanced,7+,7.8,DX
niconico＆VOCALOID,骸骨楽団とリリア,Expert,10,10.5,DX
niconico＆VOCALOID,骸骨楽団とリリア,Master,12+,12.8,DX
niconico＆VOCALOID,星屑ユートピア,Basic,4,4.0,DX
niconico＆VOCALOID,星屑ユートピア,Advanced,7,7.5,DX
niconico＆VOCALOID,星屑ユートピア,Expert,10,10.5,DX
niconico＆VOCALOID,星屑ユートピア,Master,12,12.1,DX
niconico＆VOCALOID,アマツキツネ,Basic,4,4.0,DX
niconico＆VOCALOID,アマツキツネ,Advanced,7,7.5,DX
niconico＆VOCALOID,アマツキツネ,Expert,8+,8.9,DX
niconico＆VOCALOID,アマツキツネ,Master,11+,11.7,DX
niconico＆VOCALOID,アカリがやってきたぞっ,Basic,4,4.0,DX
niconico＆VOCALOID,アカリがやってきたぞっ,Advanced,6,6.7,DX
niconico＆VOCALOID,アカリがやってきたぞっ,Expert,9+,9.8,DX
niconico＆VOCALOID,アカリがやってきたぞっ,Master,11+,11.8,DX
niconico＆VOCALOID,メルト,Basic,3,3.0,DX
niconico＆VOCALOID,メルト,Advanced,6,6.0,DX
niconico＆VOCALOID,メルト,Expert,8,8.2,DX
niconico＆VOCALOID,メルト,Master,11,11.0,DX
niconico＆VOCALOID,メルティランドナイトメア,Basic,2,2.0,DX
niconico＆VOCALOID,メルティランドナイトメア,Advanced,6,6.5,DX
niconico＆VOCALOID,メルティランドナイトメア,Expert,8,8.5,DX
niconico＆VOCALOID,メルティランドナイトメア,Master,11+,11.7,DX
niconico＆VOCALOID,アウトサイダー,Basic,4,4.0,DX
niconico＆VOCALOID,アウトサイダー,Advanced,7,7.5,DX
niconico＆VOCALOID,アウトサイダー,Expert,9,9.0,DX
niconico＆VOCALOID,アウトサイダー,Master,12,12.2,DX
niconico＆VOCALOID,アディショナルメモリー,Basic,4,4.0,DX
niconico＆VOCALOID,アディショナルメモリー,Advanced,6,6.8,DX
niconico＆VOCALOID,アディショナルメモリー,Expert,9+,9.7,DX
niconico＆VOCALOID,アディショナルメモリー,Master,12,12.0,DX
niconico＆VOCALOID,ジャガーノート,Basic,4,4.0,DX
niconico＆VOCALOID,ジャガーノート,Advanced,6,6.5,DX
niconico＆VOCALOID,ジャガーノート,Expert,9,9.5,DX
niconico＆VOCALOID,ジャガーノート,Master,11+,11.8,DX
niconico＆VOCALOID,Strobe♡Girl,Basic,3,3.0,DX
niconico＆VOCALOID,Strobe♡Girl,Advanced,7,7.2,DX
niconico＆VOCALOID,Strobe♡Girl,Expert,9+,9.8,DX
niconico＆VOCALOID,Strobe♡Girl,Master,12,12.2,DX
niconico＆VOCALOID,ナイトメア☆パーティーナイト,Basic,4,4.0,SD
niconico＆VOCALOID,ナイトメア☆パーティーナイト,Advanced,7,7.5,SD
niconico＆VOCALOID,ナイトメア☆パーティーナイト,Expert,9,9.5,SD
niconico＆VOCALOID,ナイトメア☆パーティーナイト,Master,10+,10.7,SD
niconico＆VOCALOID,ナイトメア☆パーティーナイト,Re:Master,11+,11.8,SD
niconico＆VOCALOID,はやくそれになりたい！,Basic,5,5.0,SD
niconico＆VOCALOID,はやくそれになりたい！,Advanced,7,7.2,SD
niconico＆VOCALOID,はやくそれになりたい！,Expert,9,9.2,SD
niconico＆VOCALOID,はやくそれになりたい！,Master,10+,10.8,SD
niconico＆VOCALOID,はやくそれになりたい！,Re:Master,12,12.1,SD
niconico＆VOCALOID,命ばっかり,Basic,3,3.0,SD
niconico＆VOCALOID,命ばっかり,Advanced,6,6.8,SD
niconico＆VOCALOID,命ばっかり,Expert,8,8.5,SD
niconico＆VOCALOID,命ばっかり,Master,11+,11.8,SD
niconico＆VOCALOID,フィクサー,Basic,4,4.0,SD
niconico＆VOCALOID,フィクサー,Advanced,6,6.8,SD
niconico＆VOCALOID,フィクサー,Expert,8+,8.8,SD
niconico＆VOCALOID,フィクサー,Master,12,12.4,SD
niconico＆VOCALOID,Ievan Polkka,Basic,3,3.0,SD
niconico＆VOCALOID,Ievan Polkka,Advanced,6,6.8,SD
niconico＆VOCALOID,Ievan Polkka,Expert,10+,10.7,SD
niconico＆VOCALOID,Ievan Polkka,Master,12,12.5,SD
niconico＆VOCALOID,おねがいダーリン,Basic,4,4.0,SD
niconico＆VOCALOID,おねがいダーリン,Advanced,6,6.7,SD
niconico＆VOCALOID,おねがいダーリン,Expert,9+,9.7,SD
niconico＆VOCALOID,おねがいダーリン,Master,11+,11.8,SD
niconico＆VOCALOID,Seyana. ～何でも言うことを聞いてくれるアカネチャン～,Basic,4,4.0,SD
niconico＆VOCALOID,Seyana. ～何でも言うことを聞いてくれるアカネチャン～,Advanced,6,6.8,SD
niconico＆VOCALOID,Seyana. ～何でも言うことを聞いてくれるアカネチャン～,Expert,9,9.0,SD
niconico＆VOCALOID,Seyana. ～何でも言うことを聞いてくれるアカネチャン～,Master,12,12.0,SD
niconico＆VOCALOID,敗北の少年,Basic,5,5.0,SD
niconico＆VOCALOID,敗北の少年,Advanced,7+,7.8,SD
niconico＆VOCALOID,敗北の少年,Expert,10,10.0,SD
niconico＆VOCALOID,敗北の少年,Master,12,12.1,SD
niconico＆VOCALOID,インビジブル,Basic,5,5.0,SD
niconico＆VOCALOID,インビジブル,Advanced,7,7.2,SD
niconico＆VOCALOID,インビジブル,Expert,9+,9.8,SD
niconico＆VOCALOID,インビジブル,Master,10+,10.9,SD
niconico＆VOCALOID,インビジブル,Re:Master,12+,12.7,SD
niconico＆VOCALOID,人生リセットボタン,Basic,5,5.0,SD
niconico＆VOCALOID,人生リセットボタン,Advanced,7+,7.8,SD
niconico＆VOCALOID,人生リセットボタン,Expert,10,10.6,SD
niconico＆VOCALOID,人生リセットボタン,Master,12+,12.7,SD
niconico＆VOCALOID,リンカーネイション,Basic,5,5.0,SD
niconico＆VOCALOID,リンカーネイション,Advanced,7,7.4,SD
niconico＆VOCALOID,リンカーネイション,Expert,9+,9.7,SD
niconico＆VOCALOID,リンカーネイション,Master,12,12.4,SD
niconico＆VOCALOID,六兆年と一夜物語,Basic,5,5.0,DX
niconico＆VOCALOID,六兆年と一夜物語,Advanced,7+,7.8,DX
niconico＆VOCALOID,六兆年と一夜物語,Expert,9,9.2,DX
niconico＆VOCALOID,六兆年と一夜物語,Master,12+,12.8,DX
niconico＆VOCALOID,彗星ハネムーン,Basic,4,4.0,SD
niconico＆VOCALOID,彗星ハネムーン,Advanced,6,6.5,SD
niconico＆VOCALOID,彗星ハネムーン,Expert,8+,8.9,SD
niconico＆VOCALOID,彗星ハネムーン,Master,11,11.0,SD
niconico＆VOCALOID,ダンスロボットダンス,Basic,5,5.0,SD
niconico＆VOCALOID,ダンスロボットダンス,Advanced,7,7.2,SD
niconico＆VOCALOID,ダンスロボットダンス,Expert,9+,9.8,SD
niconico＆VOCALOID,ダンスロボットダンス,Master,12,12.0,SD
niconico＆VOCALOID,エイリアンエイリアン,Basic,4,4.0,SD
niconico＆VOCALOID,エイリアンエイリアン,Advanced,7,7.2,SD
niconico＆VOCALOID,エイリアンエイリアン,Expert,8+,8.7,SD
niconico＆VOCALOID,エイリアンエイリアン,Master,11,11.1,SD
niconico＆VOCALOID,パーフェクト生命,Basic,5,5.0,SD
niconico＆VOCALOID,パーフェクト生命,Advanced,7,7.3,SD
niconico＆VOCALOID,パーフェクト生命,Expert,8+,8.7,SD
niconico＆VOCALOID,パーフェクト生命,Master,12,12.0,SD
niconico＆VOCALOID,フリィダム ロリィタ,Basic,4,4.0,SD
niconico＆VOCALOID,フリィダム ロリィタ,Advanced,6,6.5,SD
niconico＆VOCALOID,フリィダム ロリィタ,Expert,8+,8.7,SD
niconico＆VOCALOID,フリィダム ロリィタ,Master,11+,11.7,SD
niconico＆VOCALOID,幸せになれる隠しコマンドがあるらしい,Basic,5,5.0,SD
niconico＆VOCALOID,幸せになれる隠しコマンドがあるらしい,Advanced,8,8.5,SD
niconico＆VOCALOID,幸せになれる隠しコマンドがあるらしい,Expert,10+,10.8,SD
niconico＆VOCALOID,幸せになれる隠しコマンドがあるらしい,Master,12+,12.9,SD
niconico＆VOCALOID,しねばいいのに,Basic,4,4.0,SD
niconico＆VOCALOID,しねばいいのに,Advanced,6,6.2,SD
niconico＆VOCALOID,しねばいいのに,Expert,8+,8.9,SD
niconico＆VOCALOID,しねばいいのに,Master,11+,11.7,SD
niconico＆VOCALOID,キレキャリオン,Basic,4,4.0,SD
niconico＆VOCALOID,キレキャリオン,Advanced,6,6.2,SD
niconico＆VOCALOID,キレキャリオン,Expert,8+,8.8,SD
niconico＆VOCALOID,キレキャリオン,Master,11+,11.7,SD
niconico＆VOCALOID,ドクハク,Basic,5,5.0,SD
niconico＆VOCALOID,ドクハク,Advanced,6,6.7,SD
niconico＆VOCALOID,ドクハク,Expert,9,9.0,SD
niconico＆VOCALOID,ドクハク,Master,12,12.2,SD
niconico＆VOCALOID,アルカリレットウセイ,Basic,4,4.0,SD
niconico＆VOCALOID,アルカリレットウセイ,Advanced,6,6.5,SD
niconico＆VOCALOID,アルカリレットウセイ,Expert,9,9.2,SD
niconico＆VOCALOID,アルカリレットウセイ,Master,11,11.4,SD
niconico＆VOCALOID,フラジール,Basic,4,4.0,SD
niconico＆VOCALOID,フラジール,Advanced,7,7.0,SD
niconico＆VOCALOID,フラジール,Expert,8,8.2,SD
niconico＆VOCALOID,フラジール,Master,11+,11.9,SD
niconico＆VOCALOID,名探偵連続殺人事件,Basic,5,5.0,SD
niconico＆VOCALOID,名探偵連続殺人事件,Advanced,6,6.8,SD
niconico＆VOCALOID,名探偵連続殺人事件,Expert,9+,9.7,SD
niconico＆VOCALOID,名探偵連続殺人事件,Master,11,11.4,SD
niconico＆VOCALOID,ARROW,Basic,4,4.0,SD
niconico＆VOCALOID,ARROW,Advanced,6,6.8,SD
niconico＆VOCALOID,ARROW,Expert,10,10.2,SD
niconico＆VOCALOID,ARROW,Master,12,12.3,SD
niconico＆VOCALOID,ヘルシーエンド,Basic,4,4.0,SD
niconico＆VOCALOID,ヘルシーエンド,Advanced,7,7.0,SD
niconico＆VOCALOID,ヘルシーエンド,Expert,9+,9.7,SD
niconico＆VOCALOID,ヘルシーエンド,Master,11+,11.9,SD
niconico＆VOCALOID,ロストワンの号哭,Basic,4,4.0,SD
niconico＆VOCALOID,ロストワンの号哭,Advanced,6,6.0,SD
niconico＆VOCALOID,ロストワンの号哭,Expert,9,9.2,SD
niconico＆VOCALOID,ロストワンの号哭,Master,12,12.2,SD
niconico＆VOCALOID,ロストワンの号哭,Re:Master,12+,12.9,SD
niconico＆VOCALOID,チュルリラ・チュルリラ・ダッダッダ！,Basic,5,5.0,SD
niconico＆VOCALOID,チュルリラ・チュルリラ・ダッダッダ！,Advanced,7,7.2,SD
niconico＆VOCALOID,チュルリラ・チュルリラ・ダッダッダ！,Expert,9,9.5,SD
niconico＆VOCALOID,チュルリラ・チュルリラ・ダッダッダ！,Master,12,12.1,SD
niconico＆VOCALOID,キミノヨゾラ哨戒班,Basic,4,4.0,SD
niconico＆VOCALOID,キミノヨゾラ哨戒班,Advanced,7,7.0,SD
niconico＆VOCALOID,キミノヨゾラ哨戒班,Expert,9,9.2,SD
niconico＆VOCALOID,キミノヨゾラ哨戒班,Master,11+,11.7,SD
niconico＆VOCALOID,ウミユリ海底譚,Basic,4,4.0,SD
niconico＆VOCALOID,ウミユリ海底譚,Advanced,6,6.7,SD
niconico＆VOCALOID,ウミユリ海底譚,Expert,8,8.1,SD
niconico＆VOCALOID,ウミユリ海底譚,Master,12,12.4,SD
niconico＆VOCALOID,白ゆき,Basic,5,5.0,SD
niconico＆VOCALOID,白ゆき,Advanced,7,7.4,SD
niconico＆VOCALOID,白ゆき,Expert,9+,9.8,SD
niconico＆VOCALOID,白ゆき,Master,12,12.2,SD
niconico＆VOCALOID,初音ミクの激唱,Basic,6,6.0,SD
niconico＆VOCALOID,初音ミクの激唱,Advanced,8,8.0,SD
niconico＆VOCALOID,初音ミクの激唱,Expert,10+,10.8,SD
niconico＆VOCALOID,初音ミクの激唱,Master,13,13.5,SD
niconico＆VOCALOID,初音ミクの消失,Basic,5,5.0,SD
niconico＆VOCALOID,初音ミクの消失,Advanced,8,8.0,SD
niconico＆VOCALOID,初音ミクの消失,Expert,10,10.0,SD
niconico＆VOCALOID,初音ミクの消失,Master,12+,12.8,SD
niconico＆VOCALOID,終点,Basic,5,5.0,SD
niconico＆VOCALOID,終点,Advanced,7+,7.7,SD
niconico＆VOCALOID,終点,Expert,10+,10.8,SD
niconico＆VOCALOID,終点,Master,12+,12.8,SD
niconico＆VOCALOID,天ノ弱,Basic,5,5.0,SD
niconico＆VOCALOID,天ノ弱,Advanced,7,7.6,SD
niconico＆VOCALOID,天ノ弱,Expert,9,9.3,SD
niconico＆VOCALOID,天ノ弱,Master,11+,11.7,SD
niconico＆VOCALOID,厨病激発ボーイ,Basic,5,5.0,SD
niconico＆VOCALOID,厨病激発ボーイ,Advanced,7,7.4,SD
niconico＆VOCALOID,厨病激発ボーイ,Expert,9,9.4,SD
niconico＆VOCALOID,厨病激発ボーイ,Master,12,12.5,SD
niconico＆VOCALOID,脳漿炸裂ガール,Basic,4,4.0,DX
niconico＆VOCALOID,脳漿炸裂ガール,Advanced,6,6.0,DX
niconico＆VOCALOID,脳漿炸裂ガール,Expert,10+,10.9,DX
niconico＆VOCALOID,脳漿炸裂ガール,Master,12+,12.9,DX
niconico＆VOCALOID,ヒビカセ,Basic,4,4.0,SD
niconico＆VOCALOID,ヒビカセ,Advanced,7,7.0,SD
niconico＆VOCALOID,ヒビカセ,Expert,9+,9.8,SD
niconico＆VOCALOID,ヒビカセ,Master,12,12.1,SD
niconico＆VOCALOID,だんだん早くなる,Basic,4,4.0,SD
niconico＆VOCALOID,だんだん早くなる,Advanced,7,7.5,SD
niconico＆VOCALOID,だんだん早くなる,Expert,8+,8.8,SD
niconico＆VOCALOID,だんだん早くなる,Master,10+,10.9,SD
niconico＆VOCALOID,だんだん早くなる,Re:Master,11,11.2,SD
niconico＆VOCALOID,恋愛裁判,Basic,4,4.0,SD
niconico＆VOCALOID,恋愛裁判,Advanced,6,6.3,SD
niconico＆VOCALOID,恋愛裁判,Expert,8,8.6,SD
niconico＆VOCALOID,恋愛裁判,Master,10,10.0,SD
niconico＆VOCALOID,からくりピエロ,Basic,3,3.0,SD
niconico＆VOCALOID,からくりピエロ,Advanced,5,5.8,SD
niconico＆VOCALOID,からくりピエロ,Expert,8+,8.7,SD
niconico＆VOCALOID,からくりピエロ,Master,10,10.6,SD
niconico＆VOCALOID,からくりピエロ,Re:Master,11+,11.8,SD
niconico＆VOCALOID,ヒバナ,Basic,4,4.0,SD
niconico＆VOCALOID,ヒバナ,Advanced,7,7.4,SD
niconico＆VOCALOID,ヒバナ,Expert,9+,9.7,SD
niconico＆VOCALOID,ヒバナ,Master,10+,10.8,SD
niconico＆VOCALOID,ヒバナ,Re:Master,11+,11.8,SD
niconico＆VOCALOID,妄想感傷代償連盟,Basic,3,3.0,SD
niconico＆VOCALOID,妄想感傷代償連盟,Advanced,6,6.2,SD
niconico＆VOCALOID,妄想感傷代償連盟,Expert,8,8.2,SD
niconico＆VOCALOID,妄想感傷代償連盟,Master,10,10.5,SD
niconico＆VOCALOID,妄想感傷代償連盟,Re:Master,12,12.2,SD
niconico＆VOCALOID,ゴーストルール,Basic,5,5.0,SD
niconico＆VOCALOID,ゴーストルール,Advanced,7+,7.7,SD
niconico＆VOCALOID,ゴーストルール,Expert,9,9.4,SD
niconico＆VOCALOID,ゴーストルール,Master,12,12.0,SD
niconico＆VOCALOID,ストリーミングハート,Basic,4,4.0,SD
niconico＆VOCALOID,ストリーミングハート,Advanced,7,7.2,SD
niconico＆VOCALOID,ストリーミングハート,Expert,9,9.1,SD
niconico＆VOCALOID,ストリーミングハート,Master,12,12.0,SD
niconico＆VOCALOID,毒占欲,Basic,5,5.0,SD
niconico＆VOCALOID,毒占欲,Advanced,7,7.0,SD
niconico＆VOCALOID,毒占欲,Expert,9,9.3,SD
niconico＆VOCALOID,毒占欲,Master,12,12.3,SD
niconico＆VOCALOID,二息歩行,Basic,4,4.0,SD
niconico＆VOCALOID,二息歩行,Advanced,6,6.8,SD
niconico＆VOCALOID,二息歩行,Expert,8+,8.7,SD
niconico＆VOCALOID,二息歩行,Master,11+,11.9,SD
niconico＆VOCALOID,モザイクロール,Basic,4,4.0,SD
niconico＆VOCALOID,モザイクロール,Advanced,6,6.9,SD
niconico＆VOCALOID,モザイクロール,Expert,9,9.0,SD
niconico＆VOCALOID,モザイクロール,Master,10+,10.9,SD
niconico＆VOCALOID,弱虫モンブラン,Basic,4,4.0,SD
niconico＆VOCALOID,弱虫モンブラン,Advanced,6,6.2,SD
niconico＆VOCALOID,弱虫モンブラン,Expert,9,9.5,SD
niconico＆VOCALOID,弱虫モンブラン,Master,11,11.2,SD
niconico＆VOCALOID,39,Basic,4,4.0,DX
niconico＆VOCALOID,39,Advanced,7,7.2,DX
niconico＆VOCALOID,39,Expert,9,9.0,DX
niconico＆VOCALOID,39,Master,12,12.0,DX
niconico＆VOCALOID,Mr. Wonderland,Basic,5,5.0,SD
niconico＆VOCALOID,Mr. Wonderland,Advanced,6,6.5,SD
niconico＆VOCALOID,Mr. Wonderland,Expert,8+,8.7,SD
niconico＆VOCALOID,Mr. Wonderland,Master,12,12.0,SD
niconico＆VOCALOID,ワンダーラスト,Basic,5,5.0,SD
niconico＆VOCALOID,ワンダーラスト,Advanced,7+,7.8,SD
niconico＆VOCALOID,ワンダーラスト,Expert,10+,10.8,SD
niconico＆VOCALOID,ワンダーラスト,Master,12+,12.8,SD
niconico＆VOCALOID,吉原ラメント,Basic,5,5.0,SD
niconico＆VOCALOID,吉原ラメント,Advanced,7+,7.7,SD
niconico＆VOCALOID,吉原ラメント,Expert,10,10.0,SD
niconico＆VOCALOID,吉原ラメント,Master,12,12.3,SD
niconico＆VOCALOID,生きてるおばけは生きている,Basic,4,4.0,SD
niconico＆VOCALOID,生きてるおばけは生きている,Advanced,6,6.5,SD
niconico＆VOCALOID,生きてるおばけは生きている,Expert,9,9.5,SD
niconico＆VOCALOID,生きてるおばけは生きている,Master,11+,11.8,SD
niconico＆VOCALOID,踊れオーケストラ,Basic,5,5.0,SD
niconico＆VOCALOID,踊れオーケストラ,Advanced,6,6.4,SD
niconico＆VOCALOID,踊れオーケストラ,Expert,8,8.4,SD
niconico＆VOCALOID,踊れオーケストラ,Master,10+,10.7,SD
niconico＆VOCALOID,ロキ,Basic,4,4.0,SD
niconico＆VOCALOID,ロキ,Advanced,7,7.2,SD
niconico＆VOCALOID,ロキ,Expert,9,9.4,SD
niconico＆VOCALOID,ロキ,Master,10+,10.8,SD
niconico＆VOCALOID,ロキ,Re:Master,12,12.4,SD
niconico＆VOCALOID,バレリーコ,Basic,4,4.0,SD
niconico＆VOCALOID,バレリーコ,Advanced,6,6.5,SD
niconico＆VOCALOID,バレリーコ,Expert,9,9.0,SD
niconico＆VOCALOID,バレリーコ,Master,11+,11.7,SD
niconico＆VOCALOID,いーあるふぁんくらぶ,Basic,3,3.0,DX
niconico＆VOCALOID,いーあるふぁんくらぶ,Advanced,6,6.0,DX
niconico＆VOCALOID,いーあるふぁんくらぶ,Expert,8,8.0,DX
niconico＆VOCALOID,いーあるふぁんくらぶ,Master,10+,10.7,DX
niconico＆VOCALOID,赤心性：カマトト荒療治,Basic,5,5.0,SD
niconico＆VOCALOID,赤心性：カマトト荒療治,Advanced,7,7.0,SD
niconico＆VOCALOID,赤心性：カマトト荒療治,Expert,8,8.4,SD
niconico＆VOCALOID,赤心性：カマトト荒療治,Master,12,12.5,SD
niconico＆VOCALOID,イノコリ先生,Basic,4,4.0,SD
niconico＆VOCALOID,イノコリ先生,Advanced,6,6.7,SD
niconico＆VOCALOID,イノコリ先生,Expert,8,8.5,SD
niconico＆VOCALOID,イノコリ先生,Master,11,11.0,SD
niconico＆VOCALOID,ECHO,Basic,4,4.0,SD
niconico＆VOCALOID,ECHO,Advanced,6,6.8,SD
niconico＆VOCALOID,ECHO,Expert,9+,9.7,SD
niconico＆VOCALOID,ECHO,Master,12,12.5,SD
niconico＆VOCALOID,このピアノでお前を8759632145回ぶん殴る,Basic,5,5.0,SD
niconico＆VOCALOID,このピアノでお前を8759632145回ぶん殴る,Advanced,7,7.5,SD
niconico＆VOCALOID,このピアノでお前を8759632145回ぶん殴る,Expert,9+,9.7,SD
niconico＆VOCALOID,このピアノでお前を8759632145回ぶん殴る,Master,12,12.2,SD
niconico＆VOCALOID,やめろ！聴くな！,Basic,4,4.0,SD
niconico＆VOCALOID,やめろ！聴くな！,Advanced,7,7.1,SD
niconico＆VOCALOID,やめろ！聴くな！,Expert,8+,8.7,SD
niconico＆VOCALOID,やめろ！聴くな！,Master,11+,11.7,SD
niconico＆VOCALOID,東京リアルワールド,Basic,4,4.0,SD
niconico＆VOCALOID,東京リアルワールド,Advanced,6,6.7,SD
niconico＆VOCALOID,東京リアルワールド,Expert,7+,7.7,SD
niconico＆VOCALOID,東京リアルワールド,Master,9+,9.8,SD
niconico＆VOCALOID,頓珍漢の宴,Basic,5,5.0,SD
niconico＆VOCALOID,頓珍漢の宴,Advanced,7+,7.9,SD
niconico＆VOCALOID,頓珍漢の宴,Expert,9+,9.7,SD
niconico＆VOCALOID,頓珍漢の宴,Master,12+,12.7,SD
niconico＆VOCALOID,ありふれたせかいせいふく,Basic,4,4.0,SD
niconico＆VOCALOID,ありふれたせかいせいふく,Advanced,6,6.8,SD
niconico＆VOCALOID,ありふれたせかいせいふく,Expert,8,8.4,SD
niconico＆VOCALOID,ありふれたせかいせいふく,Master,12,12.0,SD
niconico＆VOCALOID,腐れ外道とチョコレゐト,Basic,6,6.0,SD
niconico＆VOCALOID,腐れ外道とチョコレゐト,Advanced,8,8.2,SD
niconico＆VOCALOID,腐れ外道とチョコレゐト,Expert,10,10.6,SD
niconico＆VOCALOID,腐れ外道とチョコレゐト,Master,12,12.0,SD
niconico＆VOCALOID,M.S.S.Planet,Basic,4,4.0,SD
niconico＆VOCALOID,M.S.S.Planet,Advanced,6,6.4,SD
niconico＆VOCALOID,M.S.S.Planet,Expert,9,9.0,SD
niconico＆VOCALOID,M.S.S.Planet,Master,11,11.5,SD
niconico＆VOCALOID,不毛！,Basic,4,4.0,SD
niconico＆VOCALOID,不毛！,Advanced,7,7.3,SD
niconico＆VOCALOID,不毛！,Expert,8+,8.7,SD
niconico＆VOCALOID,不毛！,Master,11,11.1,SD
niconico＆VOCALOID,ネトゲ廃人シュプレヒコール,Basic,4,4.0,SD
niconico＆VOCALOID,ネトゲ廃人シュプレヒコール,Advanced,7,7.0,SD
niconico＆VOCALOID,ネトゲ廃人シュプレヒコール,Expert,9,9.0,SD
niconico＆VOCALOID,ネトゲ廃人シュプレヒコール,Master,12,12.3,SD
niconico＆VOCALOID,StargazeR,Basic,4,4.0,SD
niconico＆VOCALOID,StargazeR,Advanced,6,6.8,SD
niconico＆VOCALOID,StargazeR,Expert,9,9.2,SD
niconico＆VOCALOID,StargazeR,Master,11,11.0,SD
niconico＆VOCALOID,みくみくにしてあげる♪【してやんよ】,Basic,4,4.0,SD
niconico＆VOCALOID,みくみくにしてあげる♪【してやんよ】,Advanced,6,6.0,SD
niconico＆VOCALOID,みくみくにしてあげる♪【してやんよ】,Expert,7+,7.7,SD
niconico＆VOCALOID,みくみくにしてあげる♪【してやんよ】,Master,10+,10.7,SD
niconico＆VOCALOID,深海少女,Basic,4,4.0,SD
niconico＆VOCALOID,深海少女,Advanced,6,6.5,SD
niconico＆VOCALOID,深海少女,Expert,8,8.5,SD
niconico＆VOCALOID,深海少女,Master,11+,11.7,SD
niconico＆VOCALOID,ぽっぴっぽー,Basic,3,3.0,SD
niconico＆VOCALOID,ぽっぴっぽー,Advanced,6,6.7,SD
niconico＆VOCALOID,ぽっぴっぽー,Expert,8,8.4,SD
niconico＆VOCALOID,ぽっぴっぽー,Master,11,11.4,SD
niconico＆VOCALOID,Nyan Cat EX,Basic,4,4.0,SD
niconico＆VOCALOID,Nyan Cat EX,Advanced,7,7.1,SD
niconico＆VOCALOID,Nyan Cat EX,Expert,9+,9.8,SD
niconico＆VOCALOID,Nyan Cat EX,Master,12,12.5,SD
niconico＆VOCALOID,どうしてこうなった,Basic,5,5.0,SD
niconico＆VOCALOID,どうしてこうなった,Advanced,7,7.0,SD
niconico＆VOCALOID,どうしてこうなった,Expert,9+,9.8,SD
niconico＆VOCALOID,どうしてこうなった,Master,12,12.3,SD
niconico＆VOCALOID,magician''s operation,Basic,4,4.0,SD
niconico＆VOCALOID,magician''s operation,Advanced,7,7.1,SD
niconico＆VOCALOID,magician''s operation,Expert,10,10.0,SD
niconico＆VOCALOID,magician''s operation,Master,12,12.6,SD
niconico＆VOCALOID,トルコ行進曲 - オワタ＼(^o^)／,Basic,3,3.0,SD
niconico＆VOCALOID,トルコ行進曲 - オワタ＼(^o^)／,Advanced,6,6.8,SD
niconico＆VOCALOID,トルコ行進曲 - オワタ＼(^o^)／,Expert,8,8.2,SD
niconico＆VOCALOID,トルコ行進曲 - オワタ＼(^o^)／,Master,12,12.5,SD
niconico＆VOCALOID,リリリリ★バーニングナイト,Basic,4,4.0,SD
niconico＆VOCALOID,リリリリ★バーニングナイト,Advanced,7,7.5,SD
niconico＆VOCALOID,リリリリ★バーニングナイト,Expert,8,8.1,SD
niconico＆VOCALOID,リリリリ★バーニングナイト,Master,9+,9.9,SD
niconico＆VOCALOID,イアイア★ナイトオブデザイア,Basic,4,4.0,SD
niconico＆VOCALOID,イアイア★ナイトオブデザイア,Advanced,6,6.5,SD
niconico＆VOCALOID,イアイア★ナイトオブデザイア,Expert,8,8.4,SD
niconico＆VOCALOID,イアイア★ナイトオブデザイア,Master,9+,9.9,SD
niconico＆VOCALOID,ルカルカ★ナイトフィーバー,Basic,4,4.0,SD
niconico＆VOCALOID,ルカルカ★ナイトフィーバー,Advanced,6,6.8,SD
niconico＆VOCALOID,ルカルカ★ナイトフィーバー,Expert,7+,7.7,SD
niconico＆VOCALOID,ルカルカ★ナイトフィーバー,Master,10,10.4,SD
niconico＆VOCALOID,メグメグ☆ファイアーエンドレスナイト,Basic,5,5.0,SD
niconico＆VOCALOID,メグメグ☆ファイアーエンドレスナイト,Advanced,6,6.7,SD
niconico＆VOCALOID,メグメグ☆ファイアーエンドレスナイト,Expert,7,7.5,SD
niconico＆VOCALOID,メグメグ☆ファイアーエンドレスナイト,Master,9+,9.9,SD
niconico＆VOCALOID,教えて!! 魔法のLyric,Basic,6,6.0,SD
niconico＆VOCALOID,教えて!! 魔法のLyric,Advanced,7,7.2,SD
niconico＆VOCALOID,教えて!! 魔法のLyric,Expert,8,8.1,SD
niconico＆VOCALOID,教えて!! 魔法のLyric,Master,9+,9.7,SD
niconico＆VOCALOID,おちゃめ機能,Basic,4,4.0,SD
niconico＆VOCALOID,おちゃめ機能,Advanced,7,7.3,SD
niconico＆VOCALOID,おちゃめ機能,Expert,7,7.6,SD
niconico＆VOCALOID,おちゃめ機能,Master,11,11.0,SD
niconico＆VOCALOID,BAD∞END∞NIGHT,Basic,4,4.0,SD
niconico＆VOCALOID,BAD∞END∞NIGHT,Advanced,7+,7.8,SD
niconico＆VOCALOID,BAD∞END∞NIGHT,Expert,9,9.0,SD
niconico＆VOCALOID,BAD∞END∞NIGHT,Master,11+,11.7,SD
niconico＆VOCALOID,shake it!,Basic,4,4.0,SD
niconico＆VOCALOID,shake it!,Advanced,6,6.8,SD
niconico＆VOCALOID,shake it!,Expert,7,7.5,SD
niconico＆VOCALOID,shake it!,Master,10+,10.8,SD
niconico＆VOCALOID,Heart Beats,Basic,5,5.0,SD
niconico＆VOCALOID,Heart Beats,Advanced,6,6.7,SD
niconico＆VOCALOID,Heart Beats,Expert,8,8.2,SD
niconico＆VOCALOID,Heart Beats,Master,10,10.3,SD
niconico＆VOCALOID,ロミオとシンデレラ,Basic,5,5.0,SD
niconico＆VOCALOID,ロミオとシンデレラ,Advanced,7+,7.8,SD
niconico＆VOCALOID,ロミオとシンデレラ,Expert,9,9.6,SD
niconico＆VOCALOID,ロミオとシンデレラ,Master,10+,10.7,SD
niconico＆VOCALOID,ロミオとシンデレラ,Re:Master,12,12.1,SD
niconico＆VOCALOID,ダンシング☆サムライ,Basic,4,4.0,SD
niconico＆VOCALOID,ダンシング☆サムライ,Advanced,7,7.4,SD
niconico＆VOCALOID,ダンシング☆サムライ,Expert,9,9.0,SD
niconico＆VOCALOID,ダンシング☆サムライ,Master,10+,10.7,SD
niconico＆VOCALOID,ハロ／ハワユ,Basic,4,4.0,SD
niconico＆VOCALOID,ハロ／ハワユ,Advanced,5,5.8,SD
niconico＆VOCALOID,ハロ／ハワユ,Expert,8,8.1,SD
niconico＆VOCALOID,ハロ／ハワユ,Master,10+,10.7,SD
niconico＆VOCALOID,Tell Your World,Basic,4,4.0,SD
niconico＆VOCALOID,Tell Your World,Advanced,6,6.7,SD
niconico＆VOCALOID,Tell Your World,Expert,8+,8.9,SD
niconico＆VOCALOID,Tell Your World,Master,10+,10.7,SD
niconico＆VOCALOID,Tell Your World,Re:Master,11,11.2,SD
niconico＆VOCALOID,アンノウン・マザーグース,Basic,4,4.0,SD
niconico＆VOCALOID,アンノウン・マザーグース,Advanced,6,6.7,SD
niconico＆VOCALOID,アンノウン・マザーグース,Expert,9+,9.7,SD
niconico＆VOCALOID,アンノウン・マザーグース,Master,11+,11.8,SD
niconico＆VOCALOID,アンハッピーリフレイン,Basic,5,5.0,SD
niconico＆VOCALOID,アンハッピーリフレイン,Advanced,7,7.5,SD
niconico＆VOCALOID,アンハッピーリフレイン,Expert,10,10.0,SD
niconico＆VOCALOID,アンハッピーリフレイン,Master,12,12.3,SD
niconico＆VOCALOID,裏表ラバーズ,Basic,5,5.0,SD
niconico＆VOCALOID,裏表ラバーズ,Advanced,7,7.4,SD
niconico＆VOCALOID,裏表ラバーズ,Expert,10,10.5,SD
niconico＆VOCALOID,裏表ラバーズ,Master,12,12.6,SD
niconico＆VOCALOID,ローリンガール,Basic,4,4.0,SD
niconico＆VOCALOID,ローリンガール,Advanced,6,6.6,SD
niconico＆VOCALOID,ローリンガール,Expert,8,8.3,SD
niconico＆VOCALOID,ローリンガール,Master,11+,11.7,SD
niconico＆VOCALOID,ワールズエンド・ダンスホール,Basic,5,5.0,SD
niconico＆VOCALOID,ワールズエンド・ダンスホール,Advanced,7,7.6,SD
niconico＆VOCALOID,ワールズエンド・ダンスホール,Expert,7,7.3,SD
niconico＆VOCALOID,ワールズエンド・ダンスホール,Master,10+,10.7,SD
niconico＆VOCALOID,ワールズエンド・ダンスホール,Re:Master,12,12.1,SD
niconico＆VOCALOID,砂の惑星 feat. HATSUNE MIKU,Basic,4,4.0,SD
niconico＆VOCALOID,砂の惑星 feat. HATSUNE MIKU,Advanced,6,6.8,SD
niconico＆VOCALOID,砂の惑星 feat. HATSUNE MIKU,Expert,9,9.0,SD
niconico＆VOCALOID,砂の惑星 feat. HATSUNE MIKU,Master,12,12.3,SD
niconico＆VOCALOID,ドーナツホール,Basic,5,5.0,SD
niconico＆VOCALOID,ドーナツホール,Advanced,6,6.8,SD
niconico＆VOCALOID,ドーナツホール,Expert,10,10.4,SD
niconico＆VOCALOID,ドーナツホール,Master,12+,12.7,SD
niconico＆VOCALOID,マトリョシカ,Basic,5,5.0,SD
niconico＆VOCALOID,マトリョシカ,Advanced,7+,7.8,SD
niconico＆VOCALOID,マトリョシカ,Expert,8,8.1,SD
niconico＆VOCALOID,マトリョシカ,Master,9+,9.9,SD
niconico＆VOCALOID,マトリョシカ,Re:Master,11+,11.7,SD
niconico＆VOCALOID,パンダヒーロー,Basic,5,5.0,SD
niconico＆VOCALOID,パンダヒーロー,Advanced,6,6.9,SD
niconico＆VOCALOID,パンダヒーロー,Expert,8,8.2,SD
niconico＆VOCALOID,パンダヒーロー,Master,9+,9.7,SD
niconico＆VOCALOID,WORLD''S END UMBRELLA,Basic,4,4.0,SD
niconico＆VOCALOID,WORLD''S END UMBRELLA,Advanced,7,7.5,SD
niconico＆VOCALOID,WORLD''S END UMBRELLA,Expert,8+,8.8,SD
niconico＆VOCALOID,WORLD''S END UMBRELLA,Master,11,11.5,SD
niconico＆VOCALOID,結ンデ開イテ羅刹ト骸,Basic,4,4.0,SD
niconico＆VOCALOID,結ンデ開イテ羅刹ト骸,Advanced,7,7.0,SD
niconico＆VOCALOID,結ンデ開イテ羅刹ト骸,Expert,9,9.5,SD
niconico＆VOCALOID,結ンデ開イテ羅刹ト骸,Master,11,11.0,SD
niconico＆VOCALOID,結ンデ開イテ羅刹ト骸,Re:Master,12,12.3,SD
niconico＆VOCALOID,ゴーゴー幽霊船,Basic,4,4.0,SD
niconico＆VOCALOID,ゴーゴー幽霊船,Advanced,7,7.4,SD
niconico＆VOCALOID,ゴーゴー幽霊船,Expert,9+,9.7,SD
niconico＆VOCALOID,ゴーゴー幽霊船,Master,10,10.6,SD
niconico＆VOCALOID,セツナトリップ,Basic,4,4.0,SD
niconico＆VOCALOID,セツナトリップ,Advanced,6,6.8,SD
niconico＆VOCALOID,セツナトリップ,Expert,9,9.5,SD
niconico＆VOCALOID,セツナトリップ,Master,12,12.1,SD
niconico＆VOCALOID,放課後ストライド,Basic,4,4.0,SD
niconico＆VOCALOID,放課後ストライド,Advanced,7,7.6,SD
niconico＆VOCALOID,放課後ストライド,Expert,9,9.1,SD
niconico＆VOCALOID,放課後ストライド,Master,11+,11.8,SD
niconico＆VOCALOID,カゲロウデイズ,Basic,4,4.0,SD
niconico＆VOCALOID,カゲロウデイズ,Advanced,6,6.2,SD
niconico＆VOCALOID,カゲロウデイズ,Expert,9+,9.8,SD
niconico＆VOCALOID,カゲロウデイズ,Master,11,11.2,SD
niconico＆VOCALOID,カゲロウデイズ,Re:Master,13,13.0,SD
niconico＆VOCALOID,夜咄ディセイブ,Basic,4,4.0,SD
niconico＆VOCALOID,夜咄ディセイブ,Advanced,7+,7.8,SD
niconico＆VOCALOID,夜咄ディセイブ,Expert,10,10.6,SD
niconico＆VOCALOID,夜咄ディセイブ,Master,12,12.0,SD
niconico＆VOCALOID,アウターサイエンス,Basic,5,5.0,SD
niconico＆VOCALOID,アウターサイエンス,Advanced,7,7.2,SD
niconico＆VOCALOID,アウターサイエンス,Expert,10+,10.8,SD
niconico＆VOCALOID,アウターサイエンス,Master,12,12.3,SD
niconico＆VOCALOID,メランコリック,Basic,6,6.0,SD
niconico＆VOCALOID,メランコリック,Advanced,6,6.0,SD
niconico＆VOCALOID,メランコリック,Expert,7+,7.8,SD
niconico＆VOCALOID,メランコリック,Master,10,10.1,SD
niconico＆VOCALOID,ZIGG-ZAGG,Basic,6,6.0,SD
niconico＆VOCALOID,ZIGG-ZAGG,Advanced,6,6.0,SD
niconico＆VOCALOID,ZIGG-ZAGG,Expert,7+,7.7,SD
niconico＆VOCALOID,ZIGG-ZAGG,Master,9,9.2,SD
niconico＆VOCALOID,ZIGG-ZAGG,Re:Master,11,11.3,SD
niconico＆VOCALOID,I ♥,Basic,4,4.0,SD
niconico＆VOCALOID,I ♥,Advanced,6,6.9,SD
niconico＆VOCALOID,I ♥,Expert,7+,7.7,SD
niconico＆VOCALOID,I ♥,Master,10+,10.7,SD
niconico＆VOCALOID,ラブチーノ,Basic,4,4.0,SD
niconico＆VOCALOID,ラブチーノ,Advanced,6,6.5,SD
niconico＆VOCALOID,ラブチーノ,Expert,8,8.5,SD
niconico＆VOCALOID,ラブチーノ,Master,10+,10.7,SD
niconico＆VOCALOID,スイートマジック,Basic,4,4.0,SD
niconico＆VOCALOID,スイートマジック,Advanced,6,6.3,SD
niconico＆VOCALOID,スイートマジック,Expert,9,9.1,SD
niconico＆VOCALOID,スイートマジック,Master,10,10.5,SD
niconico＆VOCALOID,林檎華憐歌,Basic,4,4.0,SD
niconico＆VOCALOID,林檎華憐歌,Advanced,6,6.6,SD
niconico＆VOCALOID,林檎華憐歌,Expert,9+,9.7,SD
niconico＆VOCALOID,林檎華憐歌,Master,11,11.0,SD
niconico＆VOCALOID,ないせんのうた,Basic,4,4.0,SD
niconico＆VOCALOID,ないせんのうた,Advanced,6,6.0,SD
niconico＆VOCALOID,ないせんのうた,Expert,9,9.2,SD
niconico＆VOCALOID,ないせんのうた,Master,11,11.2,SD
niconico＆VOCALOID,木彫り鯰と右肩ゾンビ,Basic,5,5.0,SD
niconico＆VOCALOID,木彫り鯰と右肩ゾンビ,Advanced,7,7.3,SD
niconico＆VOCALOID,木彫り鯰と右肩ゾンビ,Expert,9,9.3,SD
niconico＆VOCALOID,木彫り鯰と右肩ゾンビ,Master,12,12.4,SD
niconico＆VOCALOID,デッドレッドガールズ,Basic,4,4.0,SD
niconico＆VOCALOID,デッドレッドガールズ,Advanced,7+,7.8,SD
niconico＆VOCALOID,デッドレッドガールズ,Expert,9,9.2,SD
niconico＆VOCALOID,デッドレッドガールズ,Master,12+,12.7,SD
niconico＆VOCALOID,One Step Ahead,Basic,4,4.0,SD
niconico＆VOCALOID,One Step Ahead,Advanced,6,6.8,SD
niconico＆VOCALOID,One Step Ahead,Expert,9,9.6,SD
niconico＆VOCALOID,One Step Ahead,Master,10+,10.7,SD
niconico＆VOCALOID,Link,Basic,5,5.0,SD
niconico＆VOCALOID,Link,Advanced,7,7.4,SD
niconico＆VOCALOID,Link,Expert,7,7.4,SD
niconico＆VOCALOID,Link,Master,10+,10.9,SD
niconico＆VOCALOID,すーぱーぬこになりたい,Basic,4,4.0,SD
niconico＆VOCALOID,すーぱーぬこになりたい,Advanced,7,7.5,SD
niconico＆VOCALOID,すーぱーぬこになりたい,Expert,9,9.2,SD
niconico＆VOCALOID,すーぱーぬこになりたい,Master,12,12.2,SD
niconico＆VOCALOID,立ち入り禁止,Basic,4,4.0,SD
niconico＆VOCALOID,立ち入り禁止,Advanced,6,6.8,SD
niconico＆VOCALOID,立ち入り禁止,Expert,9+,9.8,SD
niconico＆VOCALOID,立ち入り禁止,Master,10+,10.8,SD
niconico＆VOCALOID,立ち入り禁止,Re:Master,12+,12.7,SD
niconico＆VOCALOID,ロールプレイングゲーム,Basic,4,4.0,SD
niconico＆VOCALOID,ロールプレイングゲーム,Advanced,6,6.8,SD
niconico＆VOCALOID,ロールプレイングゲーム,Expert,8+,8.9,SD
niconico＆VOCALOID,ロールプレイングゲーム,Master,11,11.3,SD
niconico＆VOCALOID,バッド・ダンス・ホール,Basic,4,4.0,SD
niconico＆VOCALOID,バッド・ダンス・ホール,Advanced,6,6.7,SD
niconico＆VOCALOID,バッド・ダンス・ホール,Expert,9+,9.8,SD
niconico＆VOCALOID,バッド・ダンス・ホール,Master,12,12.0,SD
niconico＆VOCALOID,共感覚おばけ,Basic,4,4.0,SD
niconico＆VOCALOID,共感覚おばけ,Advanced,6,6.4,SD
niconico＆VOCALOID,共感覚おばけ,Expert,9,9.5,SD
niconico＆VOCALOID,共感覚おばけ,Master,11+,11.7,SD
niconico＆VOCALOID,ナンセンス文学,Basic,4,4.0,SD
niconico＆VOCALOID,ナンセンス文学,Advanced,7,7.0,SD
niconico＆VOCALOID,ナンセンス文学,Expert,9+,9.9,SD
niconico＆VOCALOID,ナンセンス文学,Master,12,12.5,SD
niconico＆VOCALOID,お気に召すまま,Basic,4,4.0,SD
niconico＆VOCALOID,お気に召すまま,Advanced,7,7.0,SD
niconico＆VOCALOID,お気に召すまま,Expert,8+,8.8,SD
niconico＆VOCALOID,お気に召すまま,Master,10,10.5,SD
niconico＆VOCALOID,お気に召すまま,Re:Master,12,12.0,SD
niconico＆VOCALOID,シャルル,Basic,3,3.0,DX
niconico＆VOCALOID,シャルル,Advanced,6,6.0,DX
niconico＆VOCALOID,シャルル,Expert,8+,8.9,DX
niconico＆VOCALOID,シャルル,Master,10+,10.8,DX
niconico＆VOCALOID,六兆年と一夜物語,Basic,5,5.0,SD
niconico＆VOCALOID,六兆年と一夜物語,Advanced,7,7.0,SD
niconico＆VOCALOID,六兆年と一夜物語,Expert,9,9.0,SD
niconico＆VOCALOID,六兆年と一夜物語,Master,12,12.5,SD
niconico＆VOCALOID,脳漿炸裂ガール,Basic,4,4.0,SD
niconico＆VOCALOID,脳漿炸裂ガール,Advanced,6,6.3,SD
niconico＆VOCALOID,脳漿炸裂ガール,Expert,11,11.0,SD
niconico＆VOCALOID,脳漿炸裂ガール,Master,12+,12.8,SD
niconico＆VOCALOID,39,Basic,5,5.0,SD
niconico＆VOCALOID,39,Advanced,7+,7.8,SD
niconico＆VOCALOID,39,Expert,9+,9.8,SD
niconico＆VOCALOID,39,Master,12,12.0,SD
niconico＆VOCALOID,39,Re:Master,12,12.3,SD
niconico＆VOCALOID,いーあるふぁんくらぶ,Basic,4,4.0,SD
niconico＆VOCALOID,いーあるふぁんくらぶ,Advanced,6,6.7,SD
niconico＆VOCALOID,いーあるふぁんくらぶ,Expert,7,7.4,SD
niconico＆VOCALOID,いーあるふぁんくらぶ,Master,10,10.3,SD
niconico＆VOCALOID,いーあるふぁんくらぶ,Re:Master,11+,11.8,SD
niconico＆VOCALOID,シャルル,Basic,4,4.0,SD
niconico＆VOCALOID,シャルル,Advanced,6,6.2,SD
niconico＆VOCALOID,シャルル,Expert,8,8.5,SD
niconico＆VOCALOID,シャルル,Master,11+,11.7,SD
niconico＆VOCALOID,幾望の月,Basic,5,5.0,DX
niconico＆VOCALOID,幾望の月,Advanced,7+,7.7,DX
niconico＆VOCALOID,幾望の月,Expert,10,10.4,DX
niconico＆VOCALOID,幾望の月,Master,12,12.5,DX
niconico＆VOCALOID,サヨナラチェーンソー,Basic,3,3.0,DX
niconico＆VOCALOID,サヨナラチェーンソー,Advanced,6,6.8,DX
niconico＆VOCALOID,サヨナラチェーンソー,Expert,9,9.5,DX
niconico＆VOCALOID,サヨナラチェーンソー,Master,12,12.4,DX
niconico＆VOCALOID,CocktaiL,Basic,3,3.0,DX
niconico＆VOCALOID,CocktaiL,Advanced,6,6.5,DX
niconico＆VOCALOID,CocktaiL,Expert,8+,8.7,DX
niconico＆VOCALOID,CocktaiL,Master,12,12.4,DX
niconico＆VOCALOID,quiet room,Basic,3,3.0,DX
niconico＆VOCALOID,quiet room,Advanced,6,6.2,DX
niconico＆VOCALOID,quiet room,Expert,8,8.5,DX
niconico＆VOCALOID,quiet room,Master,12,12.2,DX
niconico＆VOCALOID,太陽系デスコ,Basic,4,4.0,DX
niconico＆VOCALOID,太陽系デスコ,Advanced,6,6.7,DX
niconico＆VOCALOID,太陽系デスコ,Expert,9,9.5,DX
niconico＆VOCALOID,太陽系デスコ,Master,11+,11.7,DX
niconico＆VOCALOID,だからパンを焼いたんだ,Basic,3,3.0,DX
niconico＆VOCALOID,だからパンを焼いたんだ,Advanced,6,6.5,DX
niconico＆VOCALOID,だからパンを焼いたんだ,Expert,8+,8.8,DX
niconico＆VOCALOID,だからパンを焼いたんだ,Master,11+,11.8,DX
niconico＆VOCALOID,METEOR,Basic,3,3.0,DX
niconico＆VOCALOID,METEOR,Advanced,7,7.0,DX
niconico＆VOCALOID,METEOR,Expert,9,9.2,DX
niconico＆VOCALOID,METEOR,Master,11+,11.8,DX
niconico＆VOCALOID,グリーンライツ・セレナーデ,Basic,4,4.0,DX
niconico＆VOCALOID,グリーンライツ・セレナーデ,Advanced,7,7.5,DX
niconico＆VOCALOID,グリーンライツ・セレナーデ,Expert,9+,9.8,DX
niconico＆VOCALOID,グリーンライツ・セレナーデ,Master,12,12.0,DX
niconico＆VOCALOID,39みゅーじっく！,Basic,3,3.0,DX
niconico＆VOCALOID,39みゅーじっく！,Advanced,6,6.2,DX
niconico＆VOCALOID,39みゅーじっく！,Expert,9,9.0,DX
niconico＆VOCALOID,39みゅーじっく！,Master,11,11.4,DX
niconico＆VOCALOID,だれかの心臓になれたなら,Basic,4,4.0,DX
niconico＆VOCALOID,だれかの心臓になれたなら,Advanced,6,6.5,DX
niconico＆VOCALOID,だれかの心臓になれたなら,Expert,8+,8.8,DX
niconico＆VOCALOID,だれかの心臓になれたなら,Master,11+,11.7,DX
niconico＆VOCALOID,イカサマライフゲイム,Basic,4,4.0,DX
niconico＆VOCALOID,イカサマライフゲイム,Advanced,7+,7.8,DX
niconico＆VOCALOID,イカサマライフゲイム,Expert,10,10.2,DX
niconico＆VOCALOID,イカサマライフゲイム,Master,12,12.4,DX
东方Project,ナイト・オブ・ナイツ (Cranky Remix),Basic,4,4.0,DX
东方Project,ナイト・オブ・ナイツ (Cranky Remix),Advanced,7,7.0,DX
东方Project,ナイト・オブ・ナイツ (Cranky Remix),Expert,10,10.0,DX
东方Project,ナイト・オブ・ナイツ (Cranky Remix),Master,12+,12.7,DX
东方Project,"Little ""Sister"" Bitch",Basic,5,5.0,DX
东方Project,"Little ""Sister"" Bitch",Advanced,7+,7.8,DX
东方Project,"Little ""Sister"" Bitch",Expert,10+,10.7,DX
东方Project,"Little ""Sister"" Bitch",Master,12+,12.9,DX
东方Project,Yakumo >>JOINT STRUGGLE (2019 Update),Basic,4,4.0,DX
东方Project,Yakumo >>JOINT STRUGGLE (2019 Update),Advanced,7+,7.8,DX
东方Project,Yakumo >>JOINT STRUGGLE (2019 Update),Expert,10+,10.7,DX
东方Project,Yakumo >>JOINT STRUGGLE (2019 Update),Master,13,13.1,DX
东方Project,げきオコスティックファイナリアリティぷんぷんマスタースパーク,Basic,4,4.0,DX
东方Project,げきオコスティックファイナリアリティぷんぷんマスタースパーク,Advanced,7,7.5,DX
东方Project,げきオコスティックファイナリアリティぷんぷんマスタースパーク,Expert,9+,9.8,DX
东方Project,げきオコスティックファイナリアリティぷんぷんマスタースパーク,Master,12,12.5,DX
东方Project,Bad Apple!! feat nomico,Basic,4,4.0,SD
东方Project,Bad Apple!! feat nomico,Advanced,6,6.0,SD
东方Project,Bad Apple!! feat nomico,Expert,8+,8.8,SD
东方Project,Bad Apple!! feat nomico,Master,10+,10.9,SD
东方Project,Bad Apple!! feat nomico,Re:Master,12,12.3,SD
东方Project,CYBER Sparks,Basic,5,5.0,SD
东方Project,CYBER Sparks,Advanced,7,7.0,SD
东方Project,CYBER Sparks,Expert,10,10.0,SD
东方Project,CYBER Sparks,Master,10+,10.9,SD
东方Project,CYBER Sparks,Re:Master,12+,12.8,SD
东方Project,Money Money,Basic,4,4.0,SD
东方Project,Money Money,Advanced,6,6.5,SD
东方Project,Money Money,Expert,9,9.2,SD
东方Project,Money Money,Master,12,12.0,SD
东方Project,LOVE EAST,Basic,4,4.0,SD
东方Project,LOVE EAST,Advanced,6,6.5,SD
东方Project,LOVE EAST,Expert,9,9.2,SD
东方Project,LOVE EAST,Master,11,11.5,SD
东方Project,WARNING×WARNING×WARNING,Basic,3,3.0,DX
东方Project,WARNING×WARNING×WARNING,Advanced,7,7.5,DX
东方Project,WARNING×WARNING×WARNING,Expert,9,9.5,DX
东方Project,WARNING×WARNING×WARNING,Master,11,11.2,DX
东方Project,泡沫、哀のまほろば,Basic,4,4.0,SD
东方Project,泡沫、哀のまほろば,Advanced,6,6.7,SD
东方Project,泡沫、哀のまほろば,Expert,8+,8.8,SD
东方Project,泡沫、哀のまほろば,Master,11,11.0,SD
东方Project,華鳥風月,Basic,3,3.0,SD
东方Project,華鳥風月,Advanced,5,5.8,SD
东方Project,華鳥風月,Expert,8,8.0,SD
东方Project,華鳥風月,Master,11,11.3,SD
东方Project,色は匂へど散りぬるを,Basic,3,3.0,SD
东方Project,色は匂へど散りぬるを,Advanced,6,6.8,SD
东方Project,色は匂へど散りぬるを,Expert,8,8.2,SD
东方Project,色は匂へど散りぬるを,Master,11,11.3,SD
东方Project,月に叢雲華に風,Basic,2,2.0,DX
东方Project,月に叢雲華に風,Advanced,6,6.8,DX
东方Project,月に叢雲華に風,Expert,9,9.2,DX
东方Project,月に叢雲華に風,Master,12,12.0,DX
东方Project,Doll Judgment,Basic,4,4.0,SD
东方Project,Doll Judgment,Advanced,7+,7.8,SD
东方Project,Doll Judgment,Expert,10,10.4,SD
东方Project,Doll Judgment,Master,12,12.5,SD
东方Project,永遠のメロディ,Basic,4,4.0,SD
东方Project,永遠のメロディ,Advanced,6,6.5,SD
东方Project,永遠のメロディ,Expert,8+,8.9,SD
东方Project,永遠のメロディ,Master,10+,10.9,SD
东方Project,もうみんなしねばいいのに,Basic,5,5.0,SD
东方Project,もうみんなしねばいいのに,Advanced,7,7.3,SD
东方Project,もうみんなしねばいいのに,Expert,10+,10.7,SD
东方Project,もうみんなしねばいいのに,Master,12+,12.8,SD
东方Project,宿題が終わらないっ！,Basic,4,4.0,SD
东方Project,宿題が終わらないっ！,Advanced,6,6.8,SD
东方Project,宿題が終わらないっ！,Expert,8+,8.9,SD
东方Project,宿題が終わらないっ！,Master,11+,11.7,SD
东方Project,東方スイーツ！～鬼畜姉妹と受難メイド～,Basic,4,4.0,SD
东方Project,東方スイーツ！～鬼畜姉妹と受難メイド～,Advanced,6,6.9,SD
东方Project,東方スイーツ！～鬼畜姉妹と受難メイド～,Expert,9,9.1,SD
东方Project,東方スイーツ！～鬼畜姉妹と受難メイド～,Master,11,11.4,SD
东方Project,taboo tears you up,Basic,5,5.0,SD
东方Project,taboo tears you up,Advanced,7,7.4,SD
东方Project,taboo tears you up,Expert,9,9.6,SD
东方Project,taboo tears you up,Master,11+,11.7,SD
东方Project,Starlight Vision,Basic,4,4.0,SD
东方Project,Starlight Vision,Advanced,7,7.0,SD
东方Project,Starlight Vision,Expert,9+,9.8,SD
东方Project,Starlight Vision,Master,11,11.4,SD
东方Project,幽闇に目醒めしは,Basic,3,3.0,SD
东方Project,幽闇に目醒めしは,Advanced,6,6.0,SD
东方Project,幽闇に目醒めしは,Expert,9,9.5,SD
东方Project,幽闇に目醒めしは,Master,12,12.3,SD
东方Project,物凄い勢いでけーねが物凄いうた,Basic,4,4.0,SD
东方Project,物凄い勢いでけーねが物凄いうた,Advanced,6,6.5,SD
东方Project,物凄い勢いでけーねが物凄いうた,Expert,8,8.2,SD
东方Project,物凄い勢いでけーねが物凄いうた,Master,11,11.6,SD
东方Project,進捗どうですか？,Basic,5,5.0,SD
东方Project,進捗どうですか？,Advanced,7+,7.8,SD
东方Project,進捗どうですか？,Expert,9,9.5,SD
东方Project,進捗どうですか？,Master,12,12.3,SD
东方Project,アマノジャクリバース feat. ｙｔｒ,Basic,4,4.0,SD
东方Project,アマノジャクリバース feat. ｙｔｒ,Advanced,7,7.2,SD
东方Project,アマノジャクリバース feat. ｙｔｒ,Expert,9+,9.8,SD
东方Project,アマノジャクリバース feat. ｙｔｒ,Master,12,12.6,SD
东方Project,天狗の落とし文 feat. ｙｔｒ,Basic,4,4.0,SD
东方Project,天狗の落とし文 feat. ｙｔｒ,Advanced,6,6.8,SD
东方Project,天狗の落とし文 feat. ｙｔｒ,Expert,10,10.0,SD
东方Project,天狗の落とし文 feat. ｙｔｒ,Master,11+,11.9,SD
东方Project,オーディエンスを沸かす程度の能力 feat.タイツォン,Basic,4,4.0,SD
东方Project,オーディエンスを沸かす程度の能力 feat.タイツォン,Advanced,7,7.2,SD
东方Project,オーディエンスを沸かす程度の能力 feat.タイツォン,Expert,9,9.0,SD
东方Project,オーディエンスを沸かす程度の能力 feat.タイツォン,Master,12,12.0,SD
东方Project,Club Ibuki in Break All,Basic,5,5.0,SD
东方Project,Club Ibuki in Break All,Advanced,7,7.5,SD
东方Project,Club Ibuki in Break All,Expert,9+,9.7,SD
东方Project,Club Ibuki in Break All,Master,11+,11.9,SD
东方Project,チルノのパーフェクトさんすう教室 ⑨周年バージョン,Basic,4,4.0,DX
东方Project,チルノのパーフェクトさんすう教室 ⑨周年バージョン,Advanced,7,7.0,DX
东方Project,チルノのパーフェクトさんすう教室 ⑨周年バージョン,Expert,9,9.0,DX
东方Project,チルノのパーフェクトさんすう教室 ⑨周年バージョン,Master,12,12.2,DX
东方Project,チルノのパーフェクトさんすう教室,Basic,4,4.0,SD
东方Project,チルノのパーフェクトさんすう教室,Advanced,6,6.4,SD
东方Project,チルノのパーフェクトさんすう教室,Expert,8+,8.8,SD
东方Project,チルノのパーフェクトさんすう教室,Master,11+,11.7,SD
东方Project,魔理沙は大変なものを盗んでいきました,Basic,4,4.0,SD
东方Project,魔理沙は大変なものを盗んでいきました,Advanced,6,6.4,SD
东方Project,魔理沙は大変なものを盗んでいきました,Expert,7+,7.8,SD
东方Project,魔理沙は大変なものを盗んでいきました,Master,11+,11.7,SD
东方Project,患部で止まってすぐ溶ける～狂気の優曇華院,Basic,3,3.0,DX
东方Project,患部で止まってすぐ溶ける～狂気の優曇華院,Advanced,7+,7.7,DX
东方Project,患部で止まってすぐ溶ける～狂気の優曇華院,Expert,10+,10.7,DX
东方Project,患部で止まってすぐ溶ける～狂気の優曇華院,Master,12+,12.8,DX
东方Project,究極焼肉レストラン！お燐の地獄亭！,Basic,4,4.0,SD
东方Project,究極焼肉レストラン！お燐の地獄亭！,Advanced,6,6.5,SD
东方Project,究極焼肉レストラン！お燐の地獄亭！,Expert,9,9.0,SD
东方Project,究極焼肉レストラン！お燐の地獄亭！,Master,10+,10.9,SD
东方Project,お嫁にしなさいっ！,Basic,4,4.0,SD
东方Project,お嫁にしなさいっ！,Advanced,6,6.8,SD
东方Project,お嫁にしなさいっ！,Expert,9,9.4,SD
东方Project,お嫁にしなさいっ！,Master,11,11.0,SD
东方Project,キャプテン・ムラサのケツアンカー,Basic,4,4.0,SD
东方Project,キャプテン・ムラサのケツアンカー,Advanced,6,6.6,SD
东方Project,キャプテン・ムラサのケツアンカー,Expert,9+,9.8,SD
东方Project,キャプテン・ムラサのケツアンカー,Master,12,12.0,SD
东方Project,ひれ伏せ愚民どもっ！,Basic,4,4.0,SD
东方Project,ひれ伏せ愚民どもっ！,Advanced,7,7.0,SD
东方Project,ひれ伏せ愚民どもっ！,Expert,9,9.0,SD
东方Project,ひれ伏せ愚民どもっ！,Master,11+,11.7,SD
东方Project,【東方ニコカラ】秘神マターラ feat.魂音泉【IOSYS】,Basic,4,4.0,SD
东方Project,【東方ニコカラ】秘神マターラ feat.魂音泉【IOSYS】,Advanced,7,7.5,SD
东方Project,【東方ニコカラ】秘神マターラ feat.魂音泉【IOSYS】,Expert,10,10.0,SD
东方Project,【東方ニコカラ】秘神マターラ feat.魂音泉【IOSYS】,Master,12+,12.7,SD
东方Project,不思議の国のクリスマス,Basic,4,4.0,SD
东方Project,不思議の国のクリスマス,Advanced,5,5.8,SD
东方Project,不思議の国のクリスマス,Expert,8,8.5,SD
东方Project,不思議の国のクリスマス,Master,11+,11.8,SD
东方Project,INFINITE WORLD,Basic,4,4.0,SD
东方Project,INFINITE WORLD,Advanced,7,7.4,SD
东方Project,INFINITE WORLD,Expert,9,9.2,SD
东方Project,INFINITE WORLD,Master,11+,11.7,SD
东方Project,Grip ＆ Break down !!,Basic,4,4.0,SD
东方Project,Grip ＆ Break down !!,Advanced,6,6.2,SD
东方Project,Grip ＆ Break down !!,Expert,7,7.5,SD
东方Project,Grip ＆ Break down !!,Master,11+,11.9,SD
东方Project,Cosmic Magic Shooter,Basic,4,4.0,SD
东方Project,Cosmic Magic Shooter,Advanced,7,7.0,SD
东方Project,Cosmic Magic Shooter,Expert,9,9.3,SD
东方Project,Cosmic Magic Shooter,Master,12,12.5,SD
东方Project,しゅわスパ大作戦☆,Basic,5,5.0,SD
东方Project,しゅわスパ大作戦☆,Advanced,6,6.7,SD
东方Project,しゅわスパ大作戦☆,Expert,8,8.4,SD
东方Project,しゅわスパ大作戦☆,Master,11,11.1,SD
东方Project,全人類ノ非想天則,Basic,4,4.0,SD
东方Project,全人類ノ非想天則,Advanced,7,7.1,SD
东方Project,全人類ノ非想天則,Expert,8+,8.9,SD
东方Project,全人類ノ非想天則,Master,10+,10.9,SD
东方Project,"Endless, Sleepless Night",Basic,4,4.0,SD
东方Project,"Endless, Sleepless Night",Advanced,7,7.5,SD
东方Project,"Endless, Sleepless Night",Expert,9,9.3,SD
东方Project,"Endless, Sleepless Night",Master,11+,11.8,SD
东方Project,White Traveling Girl,Basic,4,4.0,SD
东方Project,White Traveling Girl,Advanced,6,6.8,SD
东方Project,White Traveling Girl,Expert,9,9.0,SD
东方Project,White Traveling Girl,Master,12,12.3,SD
东方Project,No Routine,Basic,5,5.0,SD
东方Project,No Routine,Advanced,6,6.5,SD
东方Project,No Routine,Expert,9,9.5,SD
东方Project,No Routine,Master,12,12.1,SD
东方Project,Scream out! -maimai SONIC WASHER Edit-,Basic,4,4.0,DX
东方Project,Scream out! -maimai SONIC WASHER Edit-,Advanced,7,7.0,DX
东方Project,Scream out! -maimai SONIC WASHER Edit-,Expert,10+,10.8,DX
东方Project,Scream out! -maimai SONIC WASHER Edit-,Master,12+,12.8,DX
东方Project,隠然,Basic,5,5.0,SD
东方Project,隠然,Advanced,7+,7.8,SD
东方Project,隠然,Expert,9+,9.8,SD
东方Project,隠然,Master,11,11.1,SD
东方Project,隠然,Re:Master,12,12.4,SD
东方Project,みんなの,Basic,4,4.0,SD
东方Project,みんなの,Advanced,6,6.8,SD
东方Project,みんなの,Expert,8+,8.7,SD
东方Project,みんなの,Master,11,11.4,SD
东方Project,幻想のサテライト,Basic,4,4.0,DX
东方Project,幻想のサテライト,Advanced,7+,7.8,DX
东方Project,幻想のサテライト,Expert,10,10.0,DX
东方Project,幻想のサテライト,Master,12+,12.9,DX
东方Project,待チ人ハ来ズ。,Basic,4,4.0,SD
东方Project,待チ人ハ来ズ。,Advanced,6,6.8,SD
东方Project,待チ人ハ来ズ。,Expert,8,8.3,SD
东方Project,待チ人ハ来ズ。,Master,11,11.4,SD
东方Project,響縁,Basic,4,4.0,SD
东方Project,響縁,Advanced,6,6.0,SD
东方Project,響縁,Expert,8,8.0,SD
东方Project,響縁,Master,11,11.6,SD
东方Project,囲い無き世は一期の月影,Basic,5,5.0,SD
东方Project,囲い無き世は一期の月影,Advanced,7,7.2,SD
东方Project,囲い無き世は一期の月影,Expert,9,9.1,SD
东方Project,囲い無き世は一期の月影,Master,11,11.2,SD
东方Project,儚きもの人間,Basic,5,5.0,SD
东方Project,儚きもの人間,Advanced,7+,7.7,SD
东方Project,儚きもの人間,Expert,9,9.4,SD
东方Project,儚きもの人間,Master,12+,12.8,SD
东方Project,sweet little sister,Basic,4,4.0,SD
东方Project,sweet little sister,Advanced,6,6.3,SD
东方Project,sweet little sister,Expert,9,9.1,SD
东方Project,sweet little sister,Master,11+,11.7,SD
东方Project,ケロ⑨destiny,Basic,4,4.0,SD
东方Project,ケロ⑨destiny,Advanced,6,6.5,SD
东方Project,ケロ⑨destiny,Expert,9,9.4,SD
东方Project,ケロ⑨destiny,Master,11,11.0,SD
东方Project,Phantasm Brigade,Basic,5,5.0,SD
东方Project,Phantasm Brigade,Advanced,7,7.4,SD
东方Project,Phantasm Brigade,Expert,9+,9.8,SD
东方Project,Phantasm Brigade,Master,12,12.2,SD
东方Project,蒼空に舞え、墨染の桜,Basic,4,4.0,SD
东方Project,蒼空に舞え、墨染の桜,Advanced,6,6.4,SD
东方Project,蒼空に舞え、墨染の桜,Expert,9,9.5,SD
东方Project,蒼空に舞え、墨染の桜,Master,12,12.1,SD
东方Project,フラグメンツ -T.V. maimai edit-,Basic,4,4.0,SD
东方Project,フラグメンツ -T.V. maimai edit-,Advanced,5,5.8,SD
东方Project,フラグメンツ -T.V. maimai edit-,Expert,8,8.2,SD
东方Project,フラグメンツ -T.V. maimai edit-,Master,10+,10.7,SD
东方Project,橙の幻想郷音頭,Basic,4,4.0,SD
东方Project,橙の幻想郷音頭,Advanced,6,6.2,SD
东方Project,橙の幻想郷音頭,Expert,8,8.6,SD
东方Project,橙の幻想郷音頭,Master,11+,11.7,SD
东方Project,Starlight Dance Floor,Basic,4,4.0,SD
东方Project,Starlight Dance Floor,Advanced,6,6.8,SD
东方Project,Starlight Dance Floor,Expert,8+,8.8,SD
东方Project,Starlight Dance Floor,Master,11,11.1,SD
东方Project,神々の祈り,Basic,3,3.0,SD
东方Project,神々の祈り,Advanced,6,6.3,SD
东方Project,神々の祈り,Expert,7+,7.8,SD
东方Project,神々の祈り,Master,11,11.4,SD
东方Project,願いを呼ぶ季節,Basic,4,4.0,SD
东方Project,願いを呼ぶ季節,Advanced,6,6.5,SD
东方Project,願いを呼ぶ季節,Expert,8+,8.8,SD
东方Project,願いを呼ぶ季節,Master,11,11.0,SD
东方Project,明星ロケット,Basic,4,4.0,SD
东方Project,明星ロケット,Advanced,6,6.8,SD
东方Project,明星ロケット,Expert,8,8.6,SD
东方Project,明星ロケット,Master,10+,10.7,SD
东方Project,明星ロケット,Re:Master,11,11.3,SD
东方Project,緋色のDance,Basic,4,4.0,SD
东方Project,緋色のDance,Advanced,6,6.8,SD
东方Project,緋色のDance,Expert,9,9.0,SD
东方Project,緋色のDance,Master,11+,11.9,SD
东方Project,緋色のDance,Re:Master,12,12.6,SD
东方Project,YU-MU,Basic,4,4.0,SD
东方Project,YU-MU,Advanced,6,6.7,SD
东方Project,YU-MU,Expert,9,9.3,SD
东方Project,YU-MU,Master,10+,10.9,SD
东方Project,エテルニタス・ルドロジー,Basic,4,4.0,SD
东方Project,エテルニタス・ルドロジー,Advanced,6,6.8,SD
东方Project,エテルニタス・ルドロジー,Expert,9+,9.7,SD
东方Project,エテルニタス・ルドロジー,Master,12,12.3,SD
东方Project,エピクロスの虹はもう見えない,Basic,4,4.0,SD
东方Project,エピクロスの虹はもう見えない,Advanced,6,6.6,SD
东方Project,エピクロスの虹はもう見えない,Expert,8,8.4,SD
东方Project,エピクロスの虹はもう見えない,Master,10,10.6,SD
东方Project,エピクロスの虹はもう見えない,Re:Master,11+,11.9,SD
东方Project,四次元跳躍機関,Basic,4,4.0,SD
东方Project,四次元跳躍機関,Advanced,6,6.2,SD
东方Project,四次元跳躍機関,Expert,9,9.2,SD
东方Project,四次元跳躍機関,Master,12,12.0,SD
东方Project,少女幻葬戦慄曲 ～ Necro Fantasia,Basic,5,5.0,SD
东方Project,少女幻葬戦慄曲 ～ Necro Fantasia,Advanced,7,7.4,SD
东方Project,少女幻葬戦慄曲 ～ Necro Fantasia,Expert,9,9.3,SD
东方Project,少女幻葬戦慄曲 ～ Necro Fantasia,Master,12,12.3,SD
东方Project,妖精村の月誕祭 ～Lunate Elf,Basic,4,4.0,SD
东方Project,妖精村の月誕祭 ～Lunate Elf,Advanced,6,6.5,SD
东方Project,妖精村の月誕祭 ～Lunate Elf,Expert,9,9.0,SD
东方Project,妖精村の月誕祭 ～Lunate Elf,Master,11+,11.7,SD
东方Project,Jimang Shot,Basic,4,4.0,SD
东方Project,Jimang Shot,Advanced,6,6.8,SD
东方Project,Jimang Shot,Expert,8+,8.9,SD
东方Project,Jimang Shot,Master,11+,11.7,SD
东方Project,ってゐ！ ～えいえんてゐVer～,Basic,4,4.0,SD
东方Project,ってゐ！ ～えいえんてゐVer～,Advanced,6,6.5,SD
东方Project,ってゐ！ ～えいえんてゐVer～,Expert,8,8.0,SD
东方Project,ってゐ！ ～えいえんてゐVer～,Master,10+,10.7,SD
东方Project,ってゐ！ ～えいえんてゐVer～,Re:Master,11,11.5,SD
东方Project,東方妖々夢 ～the maximum moving about～,Basic,5,5.0,SD
东方Project,東方妖々夢 ～the maximum moving about～,Advanced,7,7.5,SD
东方Project,東方妖々夢 ～the maximum moving about～,Expert,8,8.3,SD
东方Project,東方妖々夢 ～the maximum moving about～,Master,11+,11.7,SD
东方Project,Yet Another ”drizzly rain”,Basic,4,4.0,SD
东方Project,Yet Another ”drizzly rain”,Advanced,6,6.8,SD
东方Project,Yet Another ”drizzly rain”,Expert,8+,8.8,SD
东方Project,Yet Another ”drizzly rain”,Master,11,11.1,SD
东方Project,シアワセうさぎ,Basic,4,4.0,SD
东方Project,シアワセうさぎ,Advanced,6,6.5,SD
东方Project,シアワセうさぎ,Expert,7,7.5,SD
东方Project,シアワセうさぎ,Master,10,10.0,SD
东方Project,最速最高シャッターガール,Basic,3,3.0,SD
东方Project,最速最高シャッターガール,Advanced,7,7.4,SD
东方Project,最速最高シャッターガール,Expert,9,9.4,SD
东方Project,最速最高シャッターガール,Master,11,11.1,SD
东方Project,最終鬼畜妹・一部声,Basic,5,5.0,SD
东方Project,最終鬼畜妹・一部声,Advanced,7,7.5,SD
东方Project,最終鬼畜妹・一部声,Expert,10,10.3,SD
东方Project,最終鬼畜妹・一部声,Master,12+,12.8,SD
东方Project,ウサテイ,Basic,5,5.0,SD
东方Project,ウサテイ,Advanced,6,6.7,SD
东方Project,ウサテイ,Expert,9,9.3,SD
东方Project,ウサテイ,Master,12+,12.7,SD
东方Project,クレイジークレイジーダンサーズ,Basic,4,4.0,SD
东方Project,クレイジークレイジーダンサーズ,Advanced,7,7.5,SD
东方Project,クレイジークレイジーダンサーズ,Expert,9,9.2,SD
东方Project,クレイジークレイジーダンサーズ,Master,10+,10.8,SD
东方Project,クレイジークレイジーダンサーズ,Re:Master,12+,12.7,SD
东方Project,"Help me, ERINNNNNN!!",Basic,5,5.0,SD
东方Project,"Help me, ERINNNNNN!!",Advanced,6,6.2,SD
东方Project,"Help me, ERINNNNNN!!",Expert,9+,9.8,SD
东方Project,"Help me, ERINNNNNN!!",Master,10,10.4,SD
东方Project,ナイト・オブ・ナイツ,Basic,4,4.0,SD
东方Project,ナイト・オブ・ナイツ,Advanced,7,7.2,SD
东方Project,ナイト・オブ・ナイツ,Expert,10,10.2,SD
东方Project,ナイト・オブ・ナイツ,Master,11+,11.7,SD
东方Project,ナイト・オブ・ナイツ,Re:Master,13,13.3,SD
东方Project,疾走あんさんぶる,Basic,5,5.0,SD
东方Project,疾走あんさんぶる,Advanced,7+,7.8,SD
东方Project,疾走あんさんぶる,Expert,9+,9.8,SD
东方Project,疾走あんさんぶる,Master,12,12.5,SD
东方Project,サドマミホリック,Basic,5,5.0,SD
东方Project,サドマミホリック,Advanced,7+,7.8,SD
东方Project,サドマミホリック,Expert,9+,9.8,SD
东方Project,サドマミホリック,Master,10+,10.9,SD
东方Project,サドマミホリック,Re:Master,12+,12.7,SD
东方Project,最終鬼畜妹フランドール・S,Basic,4,4.0,SD
东方Project,最終鬼畜妹フランドール・S,Advanced,7,7.0,SD
东方Project,最終鬼畜妹フランドール・S,Expert,9+,9.8,SD
东方Project,最終鬼畜妹フランドール・S,Master,10+,10.9,SD
东方Project,最終鬼畜妹フランドール・S,Re:Master,12+,12.7,SD
东方Project,進め！イッスン軍団 -Rebellion of the Dwarfs-,Basic,5,5.0,SD
东方Project,進め！イッスン軍団 -Rebellion of the Dwarfs-,Advanced,7+,7.7,SD
东方Project,進め！イッスン軍団 -Rebellion of the Dwarfs-,Expert,9+,9.8,SD
东方Project,進め！イッスン軍団 -Rebellion of the Dwarfs-,Master,12+,12.7,SD
东方Project,Imperishable Night 2006 (2016 Refine),Basic,5,5.0,SD
东方Project,Imperishable Night 2006 (2016 Refine),Advanced,7+,7.8,SD
东方Project,Imperishable Night 2006 (2016 Refine),Expert,10,10.5,SD
东方Project,Imperishable Night 2006 (2016 Refine),Master,12+,12.7,SD
东方Project,Calamity Fortune,Basic,5,5.0,DX
东方Project,Calamity Fortune,Advanced,8,8.5,DX
东方Project,Calamity Fortune,Expert,11,11.0,DX
东方Project,Calamity Fortune,Master,12+,12.8,DX
东方Project,WARNING×WARNING×WARNING,Basic,4,4.0,SD
东方Project,WARNING×WARNING×WARNING,Advanced,7,7.0,SD
东方Project,WARNING×WARNING×WARNING,Expert,9,9.2,SD
东方Project,WARNING×WARNING×WARNING,Master,11,11.3,SD
东方Project,月に叢雲華に風,Basic,4,4.0,SD
东方Project,月に叢雲華に風,Advanced,6,6.5,SD
东方Project,月に叢雲華に風,Expert,8+,8.7,SD
东方Project,月に叢雲華に風,Master,11+,11.7,SD
东方Project,チルノのパーフェクトさんすう教室 ⑨周年バージョン,Basic,5,5.0,SD
东方Project,チルノのパーフェクトさんすう教室 ⑨周年バージョン,Advanced,7,7.0,SD
东方Project,チルノのパーフェクトさんすう教室 ⑨周年バージョン,Expert,9,9.2,SD
东方Project,チルノのパーフェクトさんすう教室 ⑨周年バージョン,Master,12,12.5,SD
东方Project,患部で止まってすぐ溶ける～狂気の優曇華院,Basic,4,4.0,SD
东方Project,患部で止まってすぐ溶ける～狂気の優曇華院,Advanced,7,7.2,SD
东方Project,患部で止まってすぐ溶ける～狂気の優曇華院,Expert,9,9.0,SD
东方Project,患部で止まってすぐ溶ける～狂気の優曇華院,Master,12+,12.7,SD
东方Project,患部で止まってすぐ溶ける～狂気の優曇華院,Re:Master,13,13.0,SD
东方Project,Scream out! -maimai SONIC WASHER Edit-,Basic,5,5.0,SD
东方Project,Scream out! -maimai SONIC WASHER Edit-,Advanced,7+,7.8,SD
东方Project,Scream out! -maimai SONIC WASHER Edit-,Expert,10+,10.8,SD
东方Project,Scream out! -maimai SONIC WASHER Edit-,Master,12+,12.8,SD
东方Project,幻想のサテライト,Basic,4,4.0,SD
东方Project,幻想のサテライト,Advanced,7,7.3,SD
东方Project,幻想のサテライト,Expert,9+,9.7,SD
东方Project,幻想のサテライト,Master,12+,12.9,SD
东方Project,Calamity Fortune,Basic,6,6.0,SD
东方Project,Calamity Fortune,Advanced,8,8.5,SD
东方Project,Calamity Fortune,Expert,11,11.0,SD
东方Project,Calamity Fortune,Master,13,13.2,SD
综艺节目,Destr0yer,Basic,4,4.0,DX
综艺节目,Destr0yer,Advanced,7+,7.8,DX
综艺节目,Destr0yer,Expert,10+,10.8,DX
综艺节目,Destr0yer,Master,12+,12.7,DX
综艺节目,End Time,Basic,6,6.0,SD
综艺节目,End Time,Advanced,8,8.5,SD
综艺节目,End Time,Expert,11,11.4,SD
综艺节目,End Time,Master,13+,13.7,SD
综艺节目,Altale,Basic,4,4.0,SD
综艺节目,Altale,Advanced,7+,7.7,SD
综艺节目,Altale,Expert,10+,10.8,SD
综艺节目,Altale,Master,12+,12.7,SD
综艺节目,L4TS:2018 (feat. あひる ＆ KTA),Basic,4,4.0,SD
综艺节目,L4TS:2018 (feat. あひる ＆ KTA),Advanced,7,7.0,SD
综艺节目,L4TS:2018 (feat. あひる ＆ KTA),Expert,10,10.4,SD
综艺节目,L4TS:2018 (feat. あひる ＆ KTA),Master,12,12.5,SD
综艺节目,B.M.S.,Basic,5,5.0,SD
综艺节目,B.M.S.,Advanced,8,8.0,SD
综艺节目,B.M.S.,Expert,11,11.0,SD
综艺节目,B.M.S.,Master,13,13.0,SD
综艺节目,ENERGY SYNERGY MATRIX,Basic,5,5.0,DX
综艺节目,ENERGY SYNERGY MATRIX,Advanced,8,8.0,DX
综艺节目,ENERGY SYNERGY MATRIX,Expert,10+,10.8,DX
综艺节目,ENERGY SYNERGY MATRIX,Master,12+,12.8,DX
综艺节目,FREEDOM DiVE (tpz Overcute Remix),Basic,6,6.0,SD
综艺节目,FREEDOM DiVE (tpz Overcute Remix),Advanced,8+,8.7,SD
综艺节目,FREEDOM DiVE (tpz Overcute Remix),Expert,10+,10.8,SD
综艺节目,FREEDOM DiVE (tpz Overcute Remix),Master,13,13.4,SD
综艺节目,Brain Power,Basic,5,5.0,SD
综艺节目,Brain Power,Advanced,7+,7.9,SD
综艺节目,Brain Power,Expert,10,10.2,SD
综艺节目,Brain Power,Master,12,12.6,SD
综艺节目,Credits,Basic,6,6.0,SD
综艺节目,Credits,Advanced,8,8.2,SD
综艺节目,Credits,Expert,11+,11.8,SD
综艺节目,Credits,Master,13,13.6,SD
综艺节目,MilK,Basic,4,4.0,SD
综艺节目,MilK,Advanced,6,6.5,SD
综艺节目,MilK,Expert,10+,10.8,SD
综艺节目,MilK,Master,12+,12.8,SD
综艺节目,ULTRA B+K,Basic,5,5.0,SD
综艺节目,ULTRA B+K,Advanced,7+,7.8,SD
综艺节目,ULTRA B+K,Expert,10,10.5,SD
综艺节目,ULTRA B+K,Master,12+,12.9,SD
综艺节目,GO BACK 2 YOUR RAVE,Basic,5,5.0,SD
综艺节目,GO BACK 2 YOUR RAVE,Advanced,7+,7.7,SD
综艺节目,GO BACK 2 YOUR RAVE,Expert,10,10.5,SD
综艺节目,GO BACK 2 YOUR RAVE,Master,12+,12.9,SD
综艺节目,B.B.K.K.B.K.K.,Basic,5,5.0,SD
综艺节目,B.B.K.K.B.K.K.,Advanced,8,8.0,SD
综艺节目,B.B.K.K.B.K.K.,Expert,10,10.6,SD
综艺节目,B.B.K.K.B.K.K.,Master,12+,12.9,SD
综艺节目,魔法少女になるしかねぇ,Basic,5,5.0,SD
综艺节目,魔法少女になるしかねぇ,Advanced,8,8.0,SD
综艺节目,魔法少女になるしかねぇ,Expert,10+,10.8,SD
综艺节目,魔法少女になるしかねぇ,Master,12+,12.9,SD
综艺节目,人里に下ったアタイがいつの間にか社畜になっていた件,Basic,5,5.0,SD
综艺节目,人里に下ったアタイがいつの間にか社畜になっていた件,Advanced,8,8.2,SD
综艺节目,人里に下ったアタイがいつの間にか社畜になっていた件,Expert,11,11.0,SD
综艺节目,人里に下ったアタイがいつの間にか社畜になっていた件,Master,12+,12.9,SD
综艺节目,Maxi,Basic,5,5.0,SD
综艺节目,Maxi,Advanced,8,8.5,SD
综艺节目,Maxi,Expert,10+,10.8,SD
综艺节目,Maxi,Master,12+,12.8,SD
综艺节目,KISS CANDY FLAVOR,Basic,4,4.0,SD
综艺节目,KISS CANDY FLAVOR,Advanced,7,7.5,SD
综艺节目,KISS CANDY FLAVOR,Expert,9+,9.7,SD
综艺节目,KISS CANDY FLAVOR,Master,12,12.1,SD
综艺节目,conflict,Basic,4,4.0,DX
综艺节目,conflict,Advanced,8,8.2,DX
综艺节目,conflict,Expert,11,11.0,DX
综艺节目,conflict,Master,12+,12.8,DX
综艺节目,EVERGREEN,Basic,4,4.0,SD
综艺节目,EVERGREEN,Advanced,7,7.0,SD
综艺节目,EVERGREEN,Expert,10,10.5,SD
综艺节目,EVERGREEN,Master,12,12.0,SD
综艺节目,Party 4U ”holy nite mix”,Basic,5,5.0,SD
综艺节目,Party 4U ”holy nite mix”,Advanced,7,7.0,SD
综艺节目,Party 4U ”holy nite mix”,Expert,10,10.0,SD
综艺节目,Party 4U ”holy nite mix”,Master,12,12.5,SD
综艺节目,GOODMEN,Basic,5,5.0,SD
综艺节目,GOODMEN,Advanced,7,7.3,SD
综艺节目,GOODMEN,Expert,9+,9.8,SD
综艺节目,GOODMEN,Master,11+,11.8,SD
综艺节目,Sakura Fubuki,Basic,4,4.0,SD
综艺节目,Sakura Fubuki,Advanced,7,7.5,SD
综艺节目,Sakura Fubuki,Expert,10+,10.7,SD
综艺节目,Sakura Fubuki,Master,12+,12.7,SD
综艺节目,METATRON,Basic,6,6.0,SD
综艺节目,METATRON,Advanced,8,8.0,SD
综艺节目,METATRON,Expert,10,10.2,SD
综艺节目,METATRON,Master,12+,12.8,SD
综艺节目,オモイヨシノ,Basic,4,4.0,SD
综艺节目,オモイヨシノ,Advanced,7,7.0,SD
综艺节目,オモイヨシノ,Expert,9,9.3,SD
综艺节目,オモイヨシノ,Master,11,11.5,SD
综艺节目,L9,Basic,6,6.0,SD
综艺节目,L9,Advanced,7,7.5,SD
综艺节目,L9,Expert,9,9.4,SD
综艺节目,L9,Master,12,12.5,SD
综艺节目,"Good Bye, Mr. Jack",Basic,5,5.0,SD
综艺节目,"Good Bye, Mr. Jack",Advanced,8,8.2,SD
综艺节目,"Good Bye, Mr. Jack",Expert,11,11.5,SD
综艺节目,"Good Bye, Mr. Jack",Master,12+,12.9,SD
综艺节目,麒麟,Basic,6,6.0,SD
综艺节目,麒麟,Advanced,8+,8.7,SD
综艺节目,麒麟,Expert,11,11.2,SD
综艺节目,麒麟,Master,13,13.2,SD
综艺节目,Jack-the-Ripper◆,Basic,5,5.0,SD
综艺节目,Jack-the-Ripper◆,Advanced,8,8.2,SD
综艺节目,Jack-the-Ripper◆,Expert,10,10.4,SD
综艺节目,Jack-the-Ripper◆,Master,12+,12.9,SD
综艺节目,DRAGONLADY,Basic,5,5.0,SD
综艺节目,DRAGONLADY,Advanced,7,7.6,SD
综艺节目,DRAGONLADY,Expert,11,11.4,SD
综艺节目,DRAGONLADY,Master,12+,12.8,SD
综艺节目,Pursuing My True Self,Basic,4,4.0,SD
综艺节目,Pursuing My True Self,Advanced,7,7.0,SD
综艺节目,Pursuing My True Self,Expert,9+,9.7,SD
综艺节目,Pursuing My True Self,Master,11,11.4,SD
综艺节目,Signs Of Love (“Never More” ver.),Basic,4,4.0,SD
综艺节目,Signs Of Love (“Never More” ver.),Advanced,7,7.0,SD
综艺节目,Signs Of Love (“Never More” ver.),Expert,9+,9.9,SD
综艺节目,Signs Of Love (“Never More” ver.),Master,11+,11.7,SD
综艺节目,specialist (“Never More” ver.),Basic,4,4.0,SD
综艺节目,specialist (“Never More” ver.),Advanced,6,6.4,SD
综艺节目,specialist (“Never More” ver.),Expert,9,9.2,SD
综艺节目,specialist (“Never More” ver.),Master,11,11.4,SD
综艺节目,Time To Make History (AKIRA YAMAOKA Remix),Basic,5,5.0,SD
综艺节目,Time To Make History (AKIRA YAMAOKA Remix),Advanced,7,7.4,SD
综艺节目,Time To Make History (AKIRA YAMAOKA Remix),Expert,9,9.6,SD
综艺节目,Time To Make History (AKIRA YAMAOKA Remix),Master,12,12.5,SD
综艺节目,レッツゴー!陰陽師,Basic,3,3.0,SD
综艺节目,レッツゴー!陰陽師,Advanced,6,6.7,SD
综艺节目,レッツゴー!陰陽師,Expert,8,8.0,SD
综艺节目,レッツゴー!陰陽師,Master,11+,11.7,SD
综艺节目,オパ! オパ! RACER -GMT mashup-,Basic,4,4.0,SD
综艺节目,オパ! オパ! RACER -GMT mashup-,Advanced,6,6.3,SD
综艺节目,オパ! オパ! RACER -GMT mashup-,Expert,9,9.3,SD
综艺节目,オパ! オパ! RACER -GMT mashup-,Master,12,12.0,SD
综艺节目,電車で電車でOPA!OPA!OPA! -GMT mashup-,Basic,4,4.0,SD
综艺节目,電車で電車でOPA!OPA!OPA! -GMT mashup-,Advanced,6,6.5,SD
综艺节目,電車で電車でOPA!OPA!OPA! -GMT mashup-,Expert,10,10.0,SD
综艺节目,電車で電車でOPA!OPA!OPA! -GMT mashup-,Master,12+,12.7,SD
综艺节目,リッジでリッジでGO!GO!GO! -GMT mashup-,Basic,4,4.0,SD
综艺节目,リッジでリッジでGO!GO!GO! -GMT mashup-,Advanced,6,6.8,SD
综艺节目,リッジでリッジでGO!GO!GO! -GMT mashup-,Expert,10,10.0,SD
综艺节目,リッジでリッジでGO!GO!GO! -GMT mashup-,Master,11+,11.7,SD
综艺节目,電車で電車でGO!GO!GO!GC! -GMT remix-,Basic,4,4.0,SD
综艺节目,電車で電車でGO!GO!GO!GC! -GMT remix-,Advanced,6,6.8,SD
综艺节目,電車で電車でGO!GO!GO!GC! -GMT remix-,Expert,7+,7.8,SD
综艺节目,電車で電車でGO!GO!GO!GC! -GMT remix-,Master,11,11.1,SD
综艺节目,RIDGE RACER STEPS -GMT remix-,Basic,5,5.0,SD
综艺节目,RIDGE RACER STEPS -GMT remix-,Advanced,7,7.2,SD
综艺节目,RIDGE RACER STEPS -GMT remix-,Expert,10,10.0,SD
综艺节目,RIDGE RACER STEPS -GMT remix-,Master,12,12.0,SD
综艺节目,ファンタジーゾーン OPA-OPA! -GMT remix-,Basic,4,4.0,SD
综艺节目,ファンタジーゾーン OPA-OPA! -GMT remix-,Advanced,6,6.6,SD
综艺节目,ファンタジーゾーン OPA-OPA! -GMT remix-,Expert,9,9.2,SD
综艺节目,ファンタジーゾーン OPA-OPA! -GMT remix-,Master,11,11.5,SD
综艺节目,DADDY MULK -Groove remix-,Basic,4,4.0,SD
综艺节目,DADDY MULK -Groove remix-,Advanced,6,6.7,SD
综艺节目,DADDY MULK -Groove remix-,Expert,10,10.3,SD
综艺节目,DADDY MULK -Groove remix-,Master,12,12.5,SD
综艺节目,FUJIN Rumble,Basic,5,5.0,SD
综艺节目,FUJIN Rumble,Advanced,7+,7.8,SD
综艺节目,FUJIN Rumble,Expert,10,10.2,SD
综艺节目,FUJIN Rumble,Master,13,13.3,SD
综艺节目,Got more raves？,Basic,5,5.0,SD
综艺节目,Got more raves？,Advanced,8,8.0,SD
综艺节目,Got more raves？,Expert,10+,10.9,SD
综艺节目,Got more raves？,Master,12+,12.7,SD
综艺节目,夜明けまであと３秒,Basic,6,6.0,SD
综艺节目,夜明けまであと３秒,Advanced,8,8.5,SD
综艺节目,夜明けまであと３秒,Expert,11,11.0,SD
综艺节目,夜明けまであと３秒,Master,12+,12.9,SD
综艺节目,Ignis Danse,Basic,5,5.0,SD
综艺节目,Ignis Danse,Advanced,7,7.5,SD
综艺节目,Ignis Danse,Expert,10+,10.8,SD
综艺节目,Ignis Danse,Master,13,13.3,SD
综艺节目,きたさいたま2000,Basic,5,5.0,SD
综艺节目,きたさいたま2000,Advanced,7+,7.8,SD
综艺节目,きたさいたま2000,Expert,11,11.4,SD
综艺节目,きたさいたま2000,Master,13,13.1,SD
综艺节目,Scars of FAUNA,Basic,5,5.0,SD
综艺节目,Scars of FAUNA,Advanced,7,7.0,SD
综艺节目,Scars of FAUNA,Expert,9,9.6,SD
综艺节目,Scars of FAUNA,Master,12+,12.7,SD
综艺节目,FLOWER,Basic,5,5.0,SD
综艺节目,FLOWER,Advanced,7,7.5,SD
综艺节目,FLOWER,Expert,10,10.3,SD
综艺节目,FLOWER,Master,12+,12.8,SD
综艺节目,Scarlet Lance,Basic,6,6.0,SD
综艺节目,Scarlet Lance,Advanced,8,8.5,SD
综艺节目,Scarlet Lance,Expert,11,11.2,SD
综艺节目,Scarlet Lance,Master,13,13.0,SD
综艺节目,極圏,Basic,6,6.0,SD
综艺节目,極圏,Advanced,8+,8.7,SD
综艺节目,極圏,Expert,11,11.5,SD
综艺节目,極圏,Master,13,13.0,SD
综艺节目,conflict,Basic,5,5.0,SD
综艺节目,conflict,Advanced,7,7.2,SD
综艺节目,conflict,Expert,10+,10.9,SD
综艺节目,conflict,Master,13,13.2,SD
综艺节目,Halcyon,Basic,4,4.0,DX
综艺节目,Halcyon,Advanced,8,8.5,DX
综艺节目,Halcyon,Expert,10+,10.8,DX
综艺节目,Halcyon,Master,12+,12.9,DX
综艺节目,サンバランド,Basic,2,2.0,DX
综艺节目,サンバランド,Advanced,7,7.0,DX
综艺节目,サンバランド,Expert,10,10.6,DX
综艺节目,サンバランド,Master,12,12.5,DX
综艺节目,プナイプナイせんそう,Basic,5,5.0,DX
综艺节目,プナイプナイせんそう,Advanced,8,8.5,DX
综艺节目,プナイプナイせんそう,Expert,11,11.5,DX
综艺节目,プナイプナイせんそう,Master,13,13.0,DX
原创乐曲,Blows Up Everything,Basic,6,6.0,DX
原创乐曲,Blows Up Everything,Advanced,9,9.0,DX
原创乐曲,Blows Up Everything,Expert,11,11.5,DX
原创乐曲,Blows Up Everything,Master,13,13.4,DX
原创乐曲,Blows Up Everything,Re:Master,13+,13.7,DX
原创乐曲,TwisteD! XD,Basic,5,5.0,DX
原创乐曲,TwisteD! XD,Advanced,8+,8.7,DX
原创乐曲,TwisteD! XD,Expert,10+,10.8,DX
原创乐曲,TwisteD! XD,Master,13,13.2,DX
原创乐曲,魔ジョ狩リ,Basic,6,6.0,DX
原创乐曲,魔ジョ狩リ,Advanced,8,8.5,DX
原创乐曲,魔ジョ狩リ,Expert,10+,10.7,DX
原创乐曲,魔ジョ狩リ,Master,12+,12.9,DX
原创乐曲,Technicians High,Basic,5,5.0,DX
原创乐曲,Technicians High,Advanced,8,8.2,DX
原创乐曲,Technicians High,Expert,11,11.2,DX
原创乐曲,Technicians High,Master,12+,12.9,DX
原创乐曲,Scarlet Wings,Basic,4,4.0,DX
原创乐曲,Scarlet Wings,Advanced,7+,7.8,DX
原创乐曲,Scarlet Wings,Expert,10,10.2,DX
原创乐曲,Scarlet Wings,Master,12,12.4,DX
原创乐曲,STEREOSCAPE,Basic,3,3.0,DX
原创乐曲,STEREOSCAPE,Advanced,6,6.8,DX
原创乐曲,STEREOSCAPE,Expert,9,9.2,DX
原创乐曲,STEREOSCAPE,Master,11+,11.8,DX
原创乐曲,Crazy Circle,Basic,3,3.0,DX
原创乐曲,Crazy Circle,Advanced,6,6.8,DX
原创乐曲,Crazy Circle,Expert,9,9.0,DX
原创乐曲,Crazy Circle,Master,12,12.0,DX
原创乐曲,MAXRAGE,Basic,5,5.0,DX
原创乐曲,MAXRAGE,Advanced,7+,7.8,DX
原创乐曲,MAXRAGE,Expert,10+,10.8,DX
原创乐曲,MAXRAGE,Master,12+,12.8,DX
原创乐曲,P-qoq,Basic,3,3.0,DX
原创乐曲,P-qoq,Advanced,7,7.0,DX
原创乐曲,P-qoq,Expert,10,10.2,DX
原创乐曲,P-qoq,Master,12+,12.7,DX
原创乐曲,超常マイマイン,Basic,3,3.0,DX
原创乐曲,超常マイマイン,Advanced,7,7.5,DX
原创乐曲,超常マイマイン,Expert,9+,9.8,DX
原创乐曲,超常マイマイン,Master,12,12.0,DX
原创乐曲,でらっくmaimai♪てんてこまい!,Basic,5,5.0,DX
原创乐曲,でらっくmaimai♪てんてこまい!,Advanced,7+,7.7,DX
原创乐曲,でらっくmaimai♪てんてこまい!,Expert,9+,9.8,DX
原创乐曲,でらっくmaimai♪てんてこまい!,Master,12,12.0,DX
原创乐曲,SILENT BLUE,Basic,5,5.0,SD
原创乐曲,SILENT BLUE,Advanced,8,8.0,SD
原创乐曲,SILENT BLUE,Expert,11,11.4,SD
原创乐曲,SILENT BLUE,Master,13+,13.8,SD
原创乐曲,雷切-RAIKIRI-,Basic,6,6.0,SD
原创乐曲,雷切-RAIKIRI-,Advanced,8,8.5,SD
原创乐曲,雷切-RAIKIRI-,Expert,11,11.5,SD
原创乐曲,雷切-RAIKIRI-,Master,13,13.5,SD
原创乐曲,雷切-RAIKIRI-,Re:Master,13+,13.9,SD
原创乐曲,花と、雪と、ドラムンベース。,Basic,6,6.0,SD
原创乐曲,花と、雪と、ドラムンベース。,Advanced,8,8.0,SD
原创乐曲,花と、雪と、ドラムンベース。,Expert,11,11.3,SD
原创乐曲,花と、雪と、ドラムンベース。,Master,13,13.5,SD
原创乐曲,花と、雪と、ドラムンベース。,Re:Master,12+,12.9,SD
原创乐曲,Ragnarok,Basic,6,6.0,SD
原创乐曲,Ragnarok,Advanced,8,8.5,SD
原创乐曲,Ragnarok,Expert,10+,10.9,SD
原创乐曲,Ragnarok,Master,13,13.1,SD
原创乐曲,larva,Basic,6,6.0,SD
原创乐曲,larva,Advanced,8,8.5,SD
原创乐曲,larva,Expert,11,11.6,SD
原创乐曲,larva,Master,13+,13.7,SD
原创乐曲,keep hopping,Basic,5,5.0,SD
原创乐曲,keep hopping,Advanced,7+,7.8,SD
原创乐曲,keep hopping,Expert,10+,10.8,SD
原创乐曲,keep hopping,Master,12+,12.9,SD
原创乐曲,FestivaLight,Basic,4,4.0,SD
原创乐曲,FestivaLight,Advanced,7,7.2,SD
原创乐曲,FestivaLight,Expert,9,9.0,SD
原创乐曲,FestivaLight,Master,12,12.1,SD
原创乐曲,Excalibur ～Revived resolution～,Basic,6,6.0,SD
原创乐曲,Excalibur ～Revived resolution～,Advanced,9,9.5,SD
原创乐曲,Excalibur ～Revived resolution～,Expert,11,11.5,SD
原创乐曲,Excalibur ～Revived resolution～,Master,13+,13.8,SD
原创乐曲,Caliburne ～Story of the Legendary sword～,Basic,6,6.0,SD
原创乐曲,Caliburne ～Story of the Legendary sword～,Advanced,8,8.6,SD
原创乐曲,Caliburne ～Story of the Legendary sword～,Expert,11,11.0,SD
原创乐曲,Caliburne ～Story of the Legendary sword～,Master,13,13.2,SD
原创乐曲,Justified,Basic,4,4.0,SD
原创乐曲,Justified,Advanced,8,8.2,SD
原创乐曲,Justified,Expert,11,11.5,SD
原创乐曲,Justified,Master,12+,12.9,SD
原创乐曲,Mare Maris,Basic,5,5.0,SD
原创乐曲,Mare Maris,Advanced,8,8.5,SD
原创乐曲,Mare Maris,Expert,10+,10.8,SD
原创乐曲,Mare Maris,Master,12+,12.9,SD
原创乐曲,Candy Tall Woman,Basic,5,5.0,SD
原创乐曲,Candy Tall Woman,Advanced,7,7.0,SD
原创乐曲,Candy Tall Woman,Expert,10,10.2,SD
原创乐曲,Candy Tall Woman,Master,12,12.4,SD
原创乐曲,Kinda Way,Basic,4,4.0,SD
原创乐曲,Kinda Way,Advanced,7+,7.8,SD
原创乐曲,Kinda Way,Expert,10,10.0,SD
原创乐曲,Kinda Way,Master,12,12.0,SD
原创乐曲,Signature,Basic,4,4.0,SD
原创乐曲,Signature,Advanced,7+,7.8,SD
原创乐曲,Signature,Expert,10+,10.8,SD
原创乐曲,Signature,Master,12,12.2,SD
原创乐曲,Magical Flavor,Basic,4,4.0,SD
原创乐曲,Magical Flavor,Advanced,7,7.5,SD
原创乐曲,Magical Flavor,Expert,9,9.0,SD
原创乐曲,Magical Flavor,Master,12,12.2,SD
原创乐曲,デスパレイト,Basic,5,5.0,SD
原创乐曲,デスパレイト,Advanced,7+,7.8,SD
原创乐曲,デスパレイト,Expert,10,10.5,SD
原创乐曲,デスパレイト,Master,12+,12.8,SD
原创乐曲,Moon of Noon,Basic,6,6.0,SD
原创乐曲,Moon of Noon,Advanced,8,8.2,SD
原创乐曲,Moon of Noon,Expert,11,11.2,SD
原创乐曲,Moon of Noon,Master,13,13.4,SD
原创乐曲,Ultranova,Basic,5,5.0,SD
原创乐曲,Ultranova,Advanced,7+,7.8,SD
原创乐曲,Ultranova,Expert,11,11.2,SD
原创乐曲,Ultranova,Master,13,13.0,SD
原创乐曲,曖昧mind,Basic,5,5.0,SD
原创乐曲,曖昧mind,Advanced,7+,7.8,SD
原创乐曲,曖昧mind,Expert,10,10.2,SD
原创乐曲,曖昧mind,Master,12,12.0,SD
原创乐曲,Limit Break,Basic,5,5.0,SD
原创乐曲,Limit Break,Advanced,7,7.5,SD
原创乐曲,Limit Break,Expert,9+,9.8,SD
原创乐曲,Limit Break,Master,12,12.0,SD
原创乐曲,オトヒメモリー☆ウタゲーション,Basic,4,4.0,SD
原创乐曲,オトヒメモリー☆ウタゲーション,Advanced,7,7.0,SD
原创乐曲,オトヒメモリー☆ウタゲーション,Expert,9+,9.8,SD
原创乐曲,オトヒメモリー☆ウタゲーション,Master,11+,11.7,SD
原创乐曲,夢花火,Basic,5,5.0,SD
原创乐曲,夢花火,Advanced,7+,7.7,SD
原创乐曲,夢花火,Expert,9+,9.7,SD
原创乐曲,夢花火,Master,12+,12.7,SD
原创乐曲,いっしそう電☆舞舞神拳！,Basic,5,5.0,SD
原创乐曲,いっしそう電☆舞舞神拳！,Advanced,7+,7.8,SD
原创乐曲,いっしそう電☆舞舞神拳！,Expert,9+,9.7,SD
原创乐曲,いっしそう電☆舞舞神拳！,Master,12,12.2,SD
原创乐曲,FFT,Basic,6,6.0,SD
原创乐曲,FFT,Advanced,8+,8.7,SD
原创乐曲,FFT,Expert,11,11.6,SD
原创乐曲,FFT,Master,13,13.5,SD
原创乐曲,FFT,Re:Master,13+,13.9,SD
原创乐曲,Panopticon,Basic,5,5.0,SD
原创乐曲,Panopticon,Advanced,8+,8.7,SD
原创乐曲,Panopticon,Expert,11,11.5,SD
原创乐曲,Panopticon,Master,13,13.4,SD
原创乐曲,Panopticon,Re:Master,13,13.4,SD
原创乐曲,四月の雨,Basic,4,4.0,SD
原创乐曲,四月の雨,Advanced,7+,7.8,SD
原创乐曲,四月の雨,Expert,10+,10.9,SD
原创乐曲,四月の雨,Master,12+,12.9,SD
原创乐曲,ねぇ、壊れタ人形ハ何処へ棄テらレるノ？,Basic,6,6.0,SD
原创乐曲,ねぇ、壊れタ人形ハ何処へ棄テらレるノ？,Advanced,8,8.5,SD
原创乐曲,ねぇ、壊れタ人形ハ何処へ棄テらレるノ？,Expert,11,11.5,SD
原创乐曲,ねぇ、壊れタ人形ハ何処へ棄テらレるノ？,Master,13,13.5,SD
原创乐曲,Imitation:Loud Lounge,Basic,5,5.0,SD
原创乐曲,Imitation:Loud Lounge,Advanced,7,7.0,SD
原创乐曲,Imitation:Loud Lounge,Expert,10,10.4,SD
原创乐曲,Imitation:Loud Lounge,Master,12,12.4,SD
原创乐曲,HERA,Basic,6,6.0,SD
原创乐曲,HERA,Advanced,8,8.5,SD
原创乐曲,HERA,Expert,10+,10.8,SD
原创乐曲,HERA,Master,13,13.2,SD
原创乐曲,Selector,Basic,5,5.0,SD
原创乐曲,Selector,Advanced,7,7.0,SD
原创乐曲,Selector,Expert,10,10.2,SD
原创乐曲,Selector,Master,12,12.6,SD
原创乐曲,Alea jacta est!,Basic,6,6.0,SD
原创乐曲,Alea jacta est!,Advanced,8+,8.8,SD
原创乐曲,Alea jacta est!,Expert,11,11.5,SD
原创乐曲,Alea jacta est!,Master,13,13.5,SD
原创乐曲,Alea jacta est!,Re:Master,13+,13.9,SD
原创乐曲,AMAZING MIGHTYYYY!!!!,Basic,6,6.0,SD
原创乐曲,AMAZING MIGHTYYYY!!!!,Advanced,9,9.0,SD
原创乐曲,AMAZING MIGHTYYYY!!!!,Expert,12,12.0,SD
原创乐曲,AMAZING MIGHTYYYY!!!!,Master,13,13.6,SD
原创乐曲,AMAZING MIGHTYYYY!!!!,Re:Master,13,13.5,SD
原创乐曲,CITRUS MONSTER,Basic,6,6.0,SD
原创乐曲,CITRUS MONSTER,Advanced,8,8.5,SD
原创乐曲,CITRUS MONSTER,Expert,10+,10.8,SD
原创乐曲,CITRUS MONSTER,Master,13,13.4,SD
原创乐曲,Hyper Active,Basic,6,6.0,SD
原创乐曲,Hyper Active,Advanced,8,8.3,SD
原创乐曲,Hyper Active,Expert,11,11.0,SD
原创乐曲,Hyper Active,Master,12+,12.9,SD
原创乐曲,Jumble Rumble,Basic,5,5.0,SD
原创乐曲,Jumble Rumble,Advanced,8,8.0,SD
原创乐曲,Jumble Rumble,Expert,10+,10.8,SD
原创乐曲,Jumble Rumble,Master,12+,12.8,SD
原创乐曲,Nitrous Fury,Basic,6,6.0,SD
原创乐曲,Nitrous Fury,Advanced,7+,7.7,SD
原创乐曲,Nitrous Fury,Expert,10,10.3,SD
原创乐曲,Nitrous Fury,Master,12+,12.9,SD
原创乐曲,Revive The Rave,Basic,6,6.0,SD
原创乐曲,Revive The Rave,Advanced,8,8.0,SD
原创乐曲,Revive The Rave,Expert,10,10.6,SD
原创乐曲,Revive The Rave,Master,12,12.4,SD
原创乐曲,GEMINI -M-,Basic,6,6.0,SD
原创乐曲,GEMINI -M-,Advanced,7,7.0,SD
原创乐曲,GEMINI -M-,Expert,10,10.2,SD
原创乐曲,GEMINI -M-,Master,12+,12.7,SD
原创乐曲,スリップフリップ,Basic,4,4.0,SD
原创乐曲,スリップフリップ,Advanced,7,7.5,SD
原创乐曲,スリップフリップ,Expert,9,9.1,SD
原创乐曲,スリップフリップ,Master,12,12.4,SD
原创乐曲,天火明命,Basic,5,5.0,SD
原创乐曲,天火明命,Advanced,8+,8.9,SD
原创乐曲,天火明命,Expert,11,11.3,SD
原创乐曲,天火明命,Master,12+,12.9,SD
原创乐曲,7thSense,Basic,6,6.0,SD
原创乐曲,7thSense,Advanced,8,8.0,SD
原创乐曲,7thSense,Expert,10,10.0,SD
原创乐曲,7thSense,Master,13,13.0,SD
原创乐曲,Lividi,Basic,5,5.0,SD
原创乐曲,Lividi,Advanced,8+,8.8,SD
原创乐曲,Lividi,Expert,11,11.0,SD
原创乐曲,Lividi,Master,12+,12.9,SD
原创乐曲,Axeria,Basic,6,6.0,SD
原创乐曲,Axeria,Advanced,7+,7.8,SD
原创乐曲,Axeria,Expert,10+,10.8,SD
原创乐曲,Axeria,Master,13,13.4,SD
原创乐曲,the EmpErroR,Basic,5,5.0,SD
原创乐曲,the EmpErroR,Advanced,9+,9.7,SD
原创乐曲,the EmpErroR,Expert,12,12.0,SD
原创乐曲,the EmpErroR,Master,13,13.6,SD
原创乐曲,the EmpErroR,Re:Master,13+,13.9,SD
原创乐曲,閃鋼のブリューナク,Basic,6,6.0,SD
原创乐曲,閃鋼のブリューナク,Advanced,8,8.0,SD
原创乐曲,閃鋼のブリューナク,Expert,10,10.0,SD
原创乐曲,閃鋼のブリューナク,Master,12+,12.7,SD
原创乐曲,ガラテアの螺旋,Basic,6,6.0,SD
原创乐曲,ガラテアの螺旋,Advanced,8,8.0,SD
原创乐曲,ガラテアの螺旋,Expert,11,11.0,SD
原创乐曲,ガラテアの螺旋,Master,13,13.5,SD
原创乐曲,ガラテアの螺旋,Re:Master,13+,13.7,SD
原创乐曲,QZKago Requiem,Basic,6,6.0,SD
原创乐曲,QZKago Requiem,Advanced,9+,9.9,SD
原创乐曲,QZKago Requiem,Expert,11+,11.7,SD
原创乐曲,QZKago Requiem,Master,13+,13.7,SD
原创乐曲,QZKago Requiem,Re:Master,13+,13.9,SD
原创乐曲,Our Wrenally,Basic,6,6.0,SD
原创乐曲,Our Wrenally,Advanced,9,9.0,SD
原创乐曲,Our Wrenally,Expert,11,11.5,SD
原创乐曲,Our Wrenally,Master,13+,13.8,SD
原创乐曲,Contrapasso -paradiso-,Basic,6,6.0,SD
原创乐曲,Contrapasso -paradiso-,Advanced,8+,8.7,SD
原创乐曲,Contrapasso -paradiso-,Expert,11,11.5,SD
原创乐曲,Contrapasso -paradiso-,Master,13,13.4,SD
原创乐曲,Oshama Scramble!,Basic,5,5.0,DX
原创乐曲,Oshama Scramble!,Advanced,8+,8.7,DX
原创乐曲,Oshama Scramble!,Expert,11,11.0,DX
原创乐曲,Oshama Scramble!,Master,13,13.0,DX
原创乐曲,Garakuta Doll Play,Basic,6,6.0,SD
原创乐曲,Garakuta Doll Play,Advanced,8,8.2,SD
原创乐曲,Garakuta Doll Play,Expert,11,11.0,SD
原创乐曲,Garakuta Doll Play,Master,13,13.1,SD
原创乐曲,Garakuta Doll Play,Re:Master,13+,13.7,SD
原创乐曲,Blew Moon,Basic,4,4.0,SD
原创乐曲,Blew Moon,Advanced,8,8.4,SD
原创乐曲,Blew Moon,Expert,10,10.3,SD
原创乐曲,Blew Moon,Master,11+,11.9,SD
原创乐曲,Blew Moon,Re:Master,11+,11.7,SD
原创乐曲,We Gonna Party,Basic,6,6.0,SD
原创乐曲,We Gonna Party,Advanced,7+,7.8,SD
原创乐曲,We Gonna Party,Expert,11,11.4,SD
原创乐曲,We Gonna Party,Master,12,12.2,SD
原创乐曲,MYTHOS,Basic,4,4.0,SD
原创乐曲,MYTHOS,Advanced,7+,7.8,SD
原创乐曲,MYTHOS,Expert,10,10.4,SD
原创乐曲,MYTHOS,Master,13,13.0,SD
原创乐曲,Life Feels Good,Basic,5,5.0,SD
原创乐曲,Life Feels Good,Advanced,8,8.0,SD
原创乐曲,Life Feels Good,Expert,10+,10.8,SD
原创乐曲,Life Feels Good,Master,12,12.4,SD
原创乐曲,Glorious Crown,Basic,6,6.0,SD
原创乐曲,Glorious Crown,Advanced,9+,9.7,SD
原创乐曲,Glorious Crown,Expert,11,11.3,SD
原创乐曲,Glorious Crown,Master,13+,13.7,SD
原创乐曲,Aiolos,Basic,6,6.0,SD
原创乐曲,Aiolos,Advanced,8,8.0,SD
原创乐曲,Aiolos,Expert,10,10.6,SD
原创乐曲,Aiolos,Master,13,13.0,SD
原创乐曲,LANCE,Basic,5,5.0,SD
原创乐曲,LANCE,Advanced,7+,7.9,SD
原创乐曲,LANCE,Expert,9+,9.7,SD
原创乐曲,LANCE,Master,12,12.6,SD
原创乐曲,Dragoon,Basic,5,5.0,SD
原创乐曲,Dragoon,Advanced,7+,7.8,SD
原创乐曲,Dragoon,Expert,9,9.4,SD
原创乐曲,Dragoon,Master,12,12.3,SD
原创乐曲,Death Scythe,Basic,5,5.0,SD
原创乐曲,Death Scythe,Advanced,7+,7.8,SD
原创乐曲,Death Scythe,Expert,10,10.3,SD
原创乐曲,Death Scythe,Master,12,12.4,SD
原创乐曲,LUCIA,Basic,4,4.0,SD
原创乐曲,LUCIA,Advanced,6,6.7,SD
原创乐曲,LUCIA,Expert,10,10.5,SD
原创乐曲,LUCIA,Master,11,11.1,SD
原创乐曲,oboro,Basic,5,5.0,SD
原创乐曲,oboro,Advanced,7,7.6,SD
原创乐曲,oboro,Expert,10,10.0,SD
原创乐曲,oboro,Master,12+,12.7,SD
原创乐曲,CYCLES,Basic,5,5.0,SD
原创乐曲,CYCLES,Advanced,7,7.2,SD
原创乐曲,CYCLES,Expert,9,9.2,SD
原创乐曲,CYCLES,Master,12,12.6,SD
原创乐曲,Lionheart,Basic,6,6.0,SD
原创乐曲,Lionheart,Advanced,7,7.4,SD
原创乐曲,Lionheart,Expert,9+,9.8,SD
原创乐曲,Lionheart,Master,12,12.3,SD
原创乐曲,Heartbeats,Basic,4,4.0,SD
原创乐曲,Heartbeats,Advanced,8,8.0,SD
原创乐曲,Heartbeats,Expert,10,10.0,SD
原创乐曲,Heartbeats,Master,11,11.3,SD
原创乐曲,Acceleration,Basic,6,6.0,SD
原创乐曲,Acceleration,Advanced,7+,7.9,SD
原创乐曲,Acceleration,Expert,10,10.5,SD
原创乐曲,Acceleration,Master,11+,11.9,SD
原创乐曲,End of Twilight,Basic,4,4.0,SD
原创乐曲,End of Twilight,Advanced,7,7.0,SD
原创乐曲,End of Twilight,Expert,10,10.2,SD
原创乐曲,End of Twilight,Master,11,11.3,SD
原创乐曲,JUMPIN'' JUMPIN'',Basic,4,4.0,SD
原创乐曲,JUMPIN'' JUMPIN'',Advanced,7+,7.7,SD
原创乐曲,JUMPIN'' JUMPIN'',Expert,9,9.6,SD
原创乐曲,JUMPIN'' JUMPIN'',Master,11,11.5,SD
原创乐曲,L''épilogue,Basic,5,5.0,SD
原创乐曲,L''épilogue,Advanced,7,7.4,SD
原创乐曲,L''épilogue,Expert,9+,9.9,SD
原创乐曲,L''épilogue,Master,12,12.4,SD
原创乐曲,FEEL ALIVE,Basic,5,5.0,SD
原创乐曲,FEEL ALIVE,Advanced,8,8.0,SD
原创乐曲,FEEL ALIVE,Expert,10,10.6,SD
原创乐曲,FEEL ALIVE,Master,12,12.6,SD
原创乐曲,FEEL the BEATS,Basic,5,5.0,SD
原创乐曲,FEEL the BEATS,Advanced,7+,7.8,SD
原创乐曲,FEEL the BEATS,Expert,9+,9.8,SD
原创乐曲,FEEL the BEATS,Master,12,12.2,SD
原创乐曲,BREAK YOU!!,Basic,5,5.0,SD
原创乐曲,BREAK YOU!!,Advanced,6,6.4,SD
原创乐曲,BREAK YOU!!,Expert,9,9.5,SD
原创乐曲,BREAK YOU!!,Master,12,12.0,SD
原创乐曲,KING is BACK!!,Basic,5,5.0,SD
原创乐曲,KING is BACK!!,Advanced,8,8.0,SD
原创乐曲,KING is BACK!!,Expert,10,10.4,SD
原创乐曲,KING is BACK!!,Master,12+,12.8,SD
原创乐曲,Streak,Basic,6,6.0,SD
原创乐曲,Streak,Advanced,7,7.3,SD
原创乐曲,Streak,Expert,10+,10.8,SD
原创乐曲,Streak,Master,12,12.3,SD
原创乐曲,Spin me harder,Basic,6,6.0,SD
原创乐曲,Spin me harder,Advanced,7,7.6,SD
原创乐曲,Spin me harder,Expert,10+,10.7,SD
原创乐曲,Spin me harder,Master,12,12.5,SD
原创乐曲,Turn around,Basic,6,6.0,SD
原创乐曲,Turn around,Advanced,7,7.3,SD
原创乐曲,Turn around,Expert,11+,11.8,SD
原创乐曲,Turn around,Master,12,12.2,SD
原创乐曲,SPILL OVER COLORS,Basic,4,4.0,SD
原创乐曲,SPILL OVER COLORS,Advanced,7+,7.7,SD
原创乐曲,SPILL OVER COLORS,Expert,10,10.0,SD
原创乐曲,SPILL OVER COLORS,Master,12,12.2,SD
原创乐曲,Schwarzschild,Basic,6,6.0,SD
原创乐曲,Schwarzschild,Advanced,8+,8.9,SD
原创乐曲,Schwarzschild,Expert,11,11.5,SD
原创乐曲,Schwarzschild,Master,13,13.5,SD
原创乐曲,Schwarzschild,Re:Master,13+,13.9,SD
原创乐曲,Black Out,Basic,6,6.0,SD
原创乐曲,Black Out,Advanced,7,7.4,SD
原创乐曲,Black Out,Expert,11,11.6,SD
原创乐曲,Black Out,Master,11,11.6,SD
原创乐曲,Fragrance,Basic,5,5.0,SD
原创乐曲,Fragrance,Advanced,8,8.5,SD
原创乐曲,Fragrance,Expert,11+,11.7,SD
原创乐曲,Fragrance,Master,13,13.1,SD
原创乐曲,Fragrance,Re:Master,13,13.5,SD
原创乐曲,Nerverakes,Basic,6,6.0,SD
原创乐曲,Nerverakes,Advanced,7,7.6,SD
原创乐曲,Nerverakes,Expert,10,10.3,SD
原创乐曲,Nerverakes,Master,12+,12.8,SD
原创乐曲,Sprintrances,Basic,5,5.0,SD
原创乐曲,Sprintrances,Advanced,7+,7.8,SD
原创乐曲,Sprintrances,Expert,9,9.6,SD
原创乐曲,Sprintrances,Master,11+,11.7,SD
原创乐曲,air''s gravity,Basic,5,5.0,SD
原创乐曲,air''s gravity,Advanced,7+,7.8,SD
原创乐曲,air''s gravity,Expert,9+,9.8,SD
原创乐曲,air''s gravity,Master,12,12.1,SD
原创乐曲,Night Fly,Basic,4,4.0,SD
原创乐曲,Night Fly,Advanced,7,7.4,SD
原创乐曲,Night Fly,Expert,9+,9.9,SD
原创乐曲,Night Fly,Master,11,11.5,SD
原创乐曲,Feel My Fire,Basic,4,4.0,SD
原创乐曲,Feel My Fire,Advanced,8,8.3,SD
原创乐曲,Feel My Fire,Expert,9+,9.7,SD
原创乐曲,Feel My Fire,Master,11+,11.8,SD
原创乐曲,Starlight Disco,Basic,4,4.0,SD
原创乐曲,Starlight Disco,Advanced,7,7.0,SD
原创乐曲,Starlight Disco,Expert,10,10.4,SD
原创乐曲,Starlight Disco,Master,10,10.6,SD
原创乐曲,Starlight Disco,Re:Master,11,11.6,SD
原创乐曲,ENJOY POLIS,Basic,5,5.0,SD
原创乐曲,ENJOY POLIS,Advanced,7,7.4,SD
原创乐曲,ENJOY POLIS,Expert,9,9.0,SD
原创乐曲,ENJOY POLIS,Master,11+,11.7,SD
原创乐曲,記憶、記録,Basic,4,4.0,SD
原创乐曲,記憶、記録,Advanced,8,8.4,SD
原创乐曲,記憶、記録,Expert,9,9.5,SD
原创乐曲,記憶、記録,Master,12,12.0,SD
原创乐曲,connecting with you,Basic,4,4.0,SD
原创乐曲,connecting with you,Advanced,7,7.4,SD
原创乐曲,connecting with you,Expert,9,9.3,SD
原创乐曲,connecting with you,Master,11+,11.7,SD
原创乐曲,アージェントシンメトリー,Basic,4,4.0,SD
原创乐曲,アージェントシンメトリー,Advanced,6,6.4,SD
原创乐曲,アージェントシンメトリー,Expert,9,9.4,SD
原创乐曲,アージェントシンメトリー,Master,12,12.1,SD
原创乐曲,Dreampainter,Basic,4,4.0,SD
原创乐曲,Dreampainter,Advanced,7,7.0,SD
原创乐曲,Dreampainter,Expert,9+,9.7,SD
原创乐曲,Dreampainter,Master,11+,11.7,SD
原创乐曲,Monochrome Rainbow,Basic,4,4.0,SD
原创乐曲,Monochrome Rainbow,Advanced,7+,7.8,SD
原创乐曲,Monochrome Rainbow,Expert,9,9.4,SD
原创乐曲,Monochrome Rainbow,Master,11,11.0,SD
原创乐曲,Beat of getting entangled,Basic,5,5.0,SD
原创乐曲,Beat of getting entangled,Advanced,8,8.4,SD
原创乐曲,Beat of getting entangled,Expert,10,10.6,SD
原创乐曲,Beat of getting entangled,Master,12,12.2,SD
原创乐曲,MIRROR of MAGIC,Basic,4,4.0,SD
原创乐曲,MIRROR of MAGIC,Advanced,7,7.0,SD
原创乐曲,MIRROR of MAGIC,Expert,9,9.0,SD
原创乐曲,MIRROR of MAGIC,Master,11+,11.7,SD
原创乐曲,Cosmic Train,Basic,4,4.0,SD
原创乐曲,Cosmic Train,Advanced,5,5.6,SD
原创乐曲,Cosmic Train,Expert,9,9.4,SD
原创乐曲,Cosmic Train,Master,10+,10.9,SD
原创乐曲,高気圧ねこロック,Basic,5,5.0,SD
原创乐曲,高気圧ねこロック,Advanced,8,8.0,SD
原创乐曲,高気圧ねこロック,Expert,9+,9.8,SD
原创乐曲,高気圧ねこロック,Master,12,12.3,SD
原创乐曲,Prophesy One,Basic,6,6.0,SD
原创乐曲,Prophesy One,Advanced,8,8.5,SD
原创乐曲,Prophesy One,Expert,10,10.5,SD
原创乐曲,Prophesy One,Master,13,13.6,SD
原创乐曲,BETTER CHOICE,Basic,5,5.0,SD
原创乐曲,BETTER CHOICE,Advanced,7,7.5,SD
原创乐曲,BETTER CHOICE,Expert,9,9.2,SD
原创乐曲,BETTER CHOICE,Master,11+,11.7,SD
原创乐曲,Get Happy,Basic,5,5.0,SD
原创乐曲,Get Happy,Advanced,7,7.0,SD
原创乐曲,Get Happy,Expert,10+,10.8,SD
原创乐曲,Get Happy,Master,12,12.3,SD
原创乐曲,System “Z”,Basic,5,5.0,SD
原创乐曲,System “Z”,Advanced,8,8.3,SD
原创乐曲,System “Z”,Expert,11+,11.7,SD
原创乐曲,System “Z”,Master,13,13.2,SD
原创乐曲,VERTeX,Basic,5,5.0,SD
原创乐曲,VERTeX,Advanced,8,8.0,SD
原创乐曲,VERTeX,Expert,10,10.2,SD
原创乐曲,VERTeX,Master,13,13.4,SD
原创乐曲,ジングルベル,Basic,5,5.0,SD
原创乐曲,ジングルベル,Advanced,7,7.1,SD
原创乐曲,ジングルベル,Expert,9,9.5,SD
原创乐曲,ジングルベル,Master,13,13.1,SD
原创乐曲,ジングルベル,Re:Master,13,13.1,SD
原创乐曲,ユビキリ,Basic,4,4.0,SD
原创乐曲,ユビキリ,Advanced,7,7.2,SD
原创乐曲,ユビキリ,Expert,10,10.0,SD
原创乐曲,ユビキリ,Master,12,12.0,SD
原创乐曲,火炎地獄,Basic,5,5.0,SD
原创乐曲,火炎地獄,Advanced,8,8.2,SD
原创乐曲,火炎地獄,Expert,10,10.5,SD
原创乐曲,火炎地獄,Master,12+,12.7,SD
原创乐曲,Danza zandA,Basic,4,4.0,SD
原创乐曲,Danza zandA,Advanced,7,7.0,SD
原创乐曲,Danza zandA,Expert,9,9.2,SD
原创乐曲,Danza zandA,Master,12,12.0,SD
原创乐曲,Danza zandA,Re:Master,12,12.0,SD
原创乐曲,planet dancer,Basic,5,5.0,SD
原创乐曲,planet dancer,Advanced,7,7.0,SD
原创乐曲,planet dancer,Expert,9+,9.7,SD
原创乐曲,planet dancer,Master,11+,11.9,SD
原创乐曲,ナミダと流星,Basic,5,5.0,SD
原创乐曲,ナミダと流星,Advanced,7,7.0,SD
原创乐曲,ナミダと流星,Expert,9,9.2,SD
原创乐曲,ナミダと流星,Master,10,10.6,SD
原创乐曲,ピーマンたべたら,Basic,5,5.0,SD
原创乐曲,ピーマンたべたら,Advanced,6,6.8,SD
原创乐曲,ピーマンたべたら,Expert,9+,9.7,SD
原创乐曲,ピーマンたべたら,Master,12,12.5,SD
原创乐曲,maimaiちゃんのテーマ,Basic,4,4.0,SD
原创乐曲,maimaiちゃんのテーマ,Advanced,6,6.3,SD
原创乐曲,maimaiちゃんのテーマ,Expert,8,8.0,SD
原创乐曲,maimaiちゃんのテーマ,Master,10+,10.7,SD
原创乐曲,Pixel Voyage,Basic,3,3.0,SD
原创乐曲,Pixel Voyage,Advanced,6,6.0,SD
原创乐曲,Pixel Voyage,Expert,8,8.1,SD
原创乐曲,Pixel Voyage,Master,11,11.0,SD
原创乐曲,Sweets×Sweets,Basic,5,5.0,SD
原创乐曲,Sweets×Sweets,Advanced,6,6.6,SD
原创乐曲,Sweets×Sweets,Expert,8,8.0,SD
原创乐曲,Sweets×Sweets,Master,9+,9.7,SD
原创乐曲,虹と太陽,Basic,5,5.0,SD
原创乐曲,虹と太陽,Advanced,7,7.6,SD
原创乐曲,虹と太陽,Expert,9,9.5,SD
原创乐曲,虹と太陽,Master,10+,10.8,SD
原创乐曲,Color My World,Basic,4,4.0,SD
原创乐曲,Color My World,Advanced,6,6.3,SD
原创乐曲,Color My World,Expert,8,8.5,SD
原创乐曲,Color My World,Master,10,10.1,SD
原创乐曲,True Love Song,Basic,4,4.0,SD
原创乐曲,True Love Song,Advanced,6,6.4,SD
原创乐曲,True Love Song,Expert,8+,8.8,SD
原创乐曲,True Love Song,Master,9+,9.8,SD
原创乐曲,デコボコ体操第二,Basic,4,4.0,SD
原创乐曲,デコボコ体操第二,Advanced,6,6.0,SD
原创乐曲,デコボコ体操第二,Expert,7+,7.7,SD
原创乐曲,デコボコ体操第二,Master,9,9.0,SD
原创乐曲,ソーラン☆節,Basic,5,5.0,SD
原创乐曲,ソーラン☆節,Advanced,7,7.2,SD
原创乐曲,ソーラン☆節,Expert,9+,9.8,SD
原创乐曲,ソーラン☆節,Master,11+,11.7,SD
原创乐曲,おても☆Yan,Basic,4,4.0,SD
原创乐曲,おても☆Yan,Advanced,6,6.0,SD
原创乐曲,おても☆Yan,Expert,8+,8.9,SD
原创乐曲,おても☆Yan,Master,11+,11.8,SD
原创乐曲,炭★坑★節,Basic,4,4.0,SD
原创乐曲,炭★坑★節,Advanced,6,6.3,SD
原创乐曲,炭★坑★節,Expert,8,8.5,SD
原创乐曲,炭★坑★節,Master,11+,11.7,SD
原创乐曲,ネコ日和。,Basic,5,5.0,SD
原创乐曲,ネコ日和。,Advanced,7,7.1,SD
原创乐曲,ネコ日和。,Expert,7,7.5,SD
原创乐曲,ネコ日和。,Master,10,10.1,SD
原创乐曲,犬日和。,Basic,4,4.0,SD
原创乐曲,犬日和。,Advanced,6,6.2,SD
原创乐曲,犬日和。,Expert,8+,8.7,SD
原创乐曲,犬日和。,Master,10,10.6,SD
原创乐曲,Endless World,Basic,4,4.0,SD
原创乐曲,Endless World,Advanced,6,6.2,SD
原创乐曲,Endless World,Expert,9+,9.8,SD
原创乐曲,Endless World,Master,10+,10.7,SD
原创乐曲,Endless World,Re:Master,12,12.1,SD
原创乐曲,オレンジの夏,Basic,5,5.0,SD
原创乐曲,オレンジの夏,Advanced,6,6.8,SD
原创乐曲,オレンジの夏,Expert,8+,8.7,SD
原创乐曲,オレンジの夏,Master,10,10.3,SD
原创乐曲,ぴぴぱぷぅ！,Basic,3,3.0,SD
原创乐曲,ぴぴぱぷぅ！,Advanced,7,7.4,SD
原创乐曲,ぴぴぱぷぅ！,Expert,9,9.5,SD
原创乐曲,ぴぴぱぷぅ！,Master,11,11.1,SD
原创乐曲,炎歌 -ほむらうた-,Basic,4,4.0,SD
原创乐曲,炎歌 -ほむらうた-,Advanced,6,6.4,SD
原创乐曲,炎歌 -ほむらうた-,Expert,10,10.5,SD
原创乐曲,炎歌 -ほむらうた-,Master,12,12.3,SD
原创乐曲,泣き虫O''clock,Basic,4,4.0,SD
原创乐曲,泣き虫O''clock,Advanced,7,7.3,SD
原创乐曲,泣き虫O''clock,Expert,9,9.4,SD
原创乐曲,泣き虫O''clock,Master,10+,10.7,SD
原创乐曲,maiム・maiム feat.週刊少年マガジン,Basic,4,4.0,SD
原创乐曲,maiム・maiム feat.週刊少年マガジン,Advanced,6,6.8,SD
原创乐曲,maiム・maiム feat.週刊少年マガジン,Expert,9+,9.7,SD
原创乐曲,maiム・maiム feat.週刊少年マガジン,Master,11,11.3,SD
原创乐曲,タカハせ！名人マン,Basic,4,4.0,SD
原创乐曲,タカハせ！名人マン,Advanced,6,6.7,SD
原创乐曲,タカハせ！名人マン,Expert,8,8.2,SD
原创乐曲,タカハせ！名人マン,Master,12,12.5,SD
原创乐曲,みんなのマイマイマー,Basic,4,4.0,SD
原创乐曲,みんなのマイマイマー,Advanced,7+,7.8,SD
原创乐曲,みんなのマイマイマー,Expert,9,9.5,SD
原创乐曲,みんなのマイマイマー,Master,12,12.0,SD
原创乐曲,welcome to maimai!! with マイマイマー,Basic,5,5.0,SD
原创乐曲,welcome to maimai!! with マイマイマー,Advanced,7,7.2,SD
原创乐曲,welcome to maimai!! with マイマイマー,Expert,8,8.4,SD
原创乐曲,welcome to maimai!! with マイマイマー,Master,11,11.2,SD
原创乐曲,ぐるぐるWASH！コインランドリー・ディスコ,Basic,4,4.0,SD
原创乐曲,ぐるぐるWASH！コインランドリー・ディスコ,Advanced,6,6.4,SD
原创乐曲,ぐるぐるWASH！コインランドリー・ディスコ,Expert,8,8.2,SD
原创乐曲,ぐるぐるWASH！コインランドリー・ディスコ,Master,10+,10.7,SD
原创乐曲,Let''s Go Away,Basic,4,4.0,SD
原创乐曲,Let''s Go Away,Advanced,7,7.0,SD
原创乐曲,Let''s Go Away,Expert,9,9.4,SD
原创乐曲,Let''s Go Away,Master,11+,11.9,SD
原创乐曲,Conquista Ciela,Basic,4,4.0,SD
原创乐曲,Conquista Ciela,Advanced,6,6.8,SD
原创乐曲,Conquista Ciela,Expert,8,8.5,SD
原创乐曲,Conquista Ciela,Master,11+,11.7,SD
原创乐曲,Fist Bump,Basic,5,5.0,SD
原创乐曲,Fist Bump,Advanced,7+,7.7,SD
原创乐曲,Fist Bump,Expert,9+,9.8,SD
原创乐曲,Fist Bump,Master,12,12.0,SD
原创乐曲,Reach For The Stars,Basic,5,5.0,SD
原创乐曲,Reach For The Stars,Advanced,7+,7.8,SD
原创乐曲,Reach For The Stars,Expert,9,9.4,SD
原创乐曲,Reach For The Stars,Master,12+,12.7,SD
原创乐曲,Live ＆ Learn,Basic,4,4.0,SD
原创乐曲,Live ＆ Learn,Advanced,6,6.8,SD
原创乐曲,Live ＆ Learn,Expert,9,9.6,SD
原创乐曲,Live ＆ Learn,Master,11+,11.8,SD
原创乐曲,Back 2 Back,Basic,5,5.0,SD
原创乐曲,Back 2 Back,Advanced,7,7.0,SD
原创乐曲,Back 2 Back,Expert,9,9.3,SD
原创乐曲,Back 2 Back,Master,12,12.5,SD
原创乐曲,Windy Hill -Zone 1,Basic,4,4.0,SD
原创乐曲,Windy Hill -Zone 1,Advanced,7,7.5,SD
原创乐曲,Windy Hill -Zone 1,Expert,9,9.4,SD
原创乐曲,Windy Hill -Zone 1,Master,11+,11.7,SD
原创乐曲,City Escape: Act1,Basic,4,4.0,SD
原创乐曲,City Escape: Act1,Advanced,5,5.4,SD
原创乐曲,City Escape: Act1,Expert,8,8.0,SD
原创乐曲,City Escape: Act1,Master,11,11.2,SD
原创乐曲,City Escape: Act1,Re:Master,11,11.3,SD
原创乐曲,Rooftop Run: Act1,Basic,4,4.0,SD
原创乐曲,Rooftop Run: Act1,Advanced,6,6.6,SD
原创乐曲,Rooftop Run: Act1,Expert,9+,9.7,SD
原创乐曲,Rooftop Run: Act1,Master,10,10.1,SD
原创乐曲,Rooftop Run: Act1,Re:Master,11+,11.7,SD
原创乐曲,終わりなき物語,Basic,4,4.0,SD
原创乐曲,終わりなき物語,Advanced,6,6.8,SD
原创乐曲,終わりなき物語,Expert,9,9.4,SD
原创乐曲,終わりなき物語,Master,11,11.5,SD
原创乐曲,Our Fighting,Basic,4,4.0,SD
原创乐曲,Our Fighting,Advanced,6,6.8,SD
原创乐曲,Our Fighting,Expert,9,9.3,SD
原创乐曲,Our Fighting,Master,11,11.1,SD
原创乐曲,Save This World νMIX,Basic,5,5.0,SD
原创乐曲,Save This World νMIX,Advanced,7,7.3,SD
原创乐曲,Save This World νMIX,Expert,8+,8.9,SD
原创乐曲,Save This World νMIX,Master,11+,11.9,SD
原创乐曲,Save This World νMIX,Re:Master,11+,11.9,SD
原创乐曲,Living Universe,Basic,4,4.0,SD
原创乐曲,Living Universe,Advanced,7,7.3,SD
原创乐曲,Living Universe,Expert,8+,8.7,SD
原创乐曲,Living Universe,Master,10,10.5,SD
原创乐曲,Living Universe,Re:Master,11+,11.7,SD
原创乐曲,Ignite Infinity,Basic,4,4.0,SD
原创乐曲,Ignite Infinity,Advanced,6,6.4,SD
原创乐曲,Ignite Infinity,Expert,10,10.2,SD
原创乐曲,Ignite Infinity,Master,10+,10.7,SD
原创乐曲,Garden Of The Dragon,Basic,3,3.0,SD
原创乐曲,Garden Of The Dragon,Advanced,6,6.2,SD
原创乐曲,Garden Of The Dragon,Expert,10,10.2,SD
原创乐曲,Garden Of The Dragon,Master,11+,11.8,SD
原创乐曲,時空を超えて久しぶり！,Basic,3,3.0,SD
原创乐曲,時空を超えて久しぶり！,Advanced,5,5.4,SD
原创乐曲,時空を超えて久しぶり！,Expert,8+,8.8,SD
原创乐曲,時空を超えて久しぶり！,Master,11,11.5,SD
原创乐曲,Her Dream Is To Be A Fantastic Sorceress,Basic,3,3.0,SD
原创乐曲,Her Dream Is To Be A Fantastic Sorceress,Advanced,6,6.0,SD
原创乐曲,Her Dream Is To Be A Fantastic Sorceress,Expert,9,9.5,SD
原创乐曲,Her Dream Is To Be A Fantastic Sorceress,Master,10,10.3,SD
原创乐曲,キズナの物語,Basic,4,4.0,SD
原创乐曲,キズナの物語,Advanced,6,6.4,SD
原创乐曲,キズナの物語,Expert,7,7.6,SD
原创乐曲,キズナの物語,Master,11+,11.8,SD
原创乐曲,STAIRWAY TO GENERATION,Basic,5,5.0,SD
原创乐曲,STAIRWAY TO GENERATION,Advanced,7,7.0,SD
原创乐曲,STAIRWAY TO GENERATION,Expert,9+,9.8,SD
原创乐曲,STAIRWAY TO GENERATION,Master,12,12.2,SD
原创乐曲,Last Brave ～ Go to zero,Basic,4,4.0,SD
原创乐曲,Last Brave ～ Go to zero,Advanced,7,7.2,SD
原创乐曲,Last Brave ～ Go to zero,Expert,10,10.0,SD
原创乐曲,Last Brave ～ Go to zero,Master,12,12.5,SD
原创乐曲,Urban Crusher [Remix],Basic,6,6.0,SD
原创乐曲,Urban Crusher [Remix],Advanced,8,8.3,SD
原创乐曲,Urban Crusher [Remix],Expert,11,11.5,SD
原创乐曲,Urban Crusher [Remix],Master,11+,11.7,SD
原创乐曲,Catch The Future,Basic,5,5.0,SD
原创乐曲,Catch The Future,Advanced,7+,7.9,SD
原创乐曲,Catch The Future,Expert,9,9.4,SD
原创乐曲,Catch The Future,Master,11,11.0,SD
原创乐曲,awake,Basic,4,4.0,SD
原创乐曲,awake,Advanced,7+,7.7,SD
原创乐曲,awake,Expert,8,8.0,SD
原创乐曲,awake,Master,11+,11.7,SD
原创乐曲,Terminal Storm,Basic,4,4.0,SD
原创乐曲,Terminal Storm,Advanced,7,7.0,SD
原创乐曲,Terminal Storm,Expert,9+,9.7,SD
原创乐曲,Terminal Storm,Master,12,12.1,SD
原创乐曲,After Burner,Basic,5,5.0,SD
原创乐曲,After Burner,Advanced,7+,7.8,SD
原创乐曲,After Burner,Expert,10,10.0,SD
原创乐曲,After Burner,Master,12,12.0,SD
原创乐曲,Space Harrier Main Theme [Reborn],Basic,5,5.0,SD
原创乐曲,Space Harrier Main Theme [Reborn],Advanced,6,6.8,SD
原创乐曲,Space Harrier Main Theme [Reborn],Expert,9+,9.9,SD
原创乐曲,Space Harrier Main Theme [Reborn],Master,12,12.5,SD
原创乐曲,Quartet Theme [Reborn],Basic,4,4.0,SD
原创乐曲,Quartet Theme [Reborn],Advanced,6,6.5,SD
原创乐曲,Quartet Theme [Reborn],Expert,10,10.1,SD
原创乐曲,Quartet Theme [Reborn],Master,11,11.6,SD
原创乐曲,Sky High [Reborn],Basic,5,5.0,SD
原创乐曲,Sky High [Reborn],Advanced,7,7.4,SD
原创乐曲,Sky High [Reborn],Expert,9,9.0,SD
原创乐曲,Sky High [Reborn],Master,11,11.2,SD
原创乐曲,Like the Wind [Reborn],Basic,5,5.0,SD
原创乐曲,Like the Wind [Reborn],Advanced,8,8.2,SD
原创乐曲,Like the Wind [Reborn],Expert,9+,9.7,SD
原创乐曲,Like the Wind [Reborn],Master,12+,12.7,SD
原创乐曲,YA･DA･YO [Reborn],Basic,4,4.0,SD
原创乐曲,YA･DA･YO [Reborn],Advanced,7+,7.9,SD
原创乐曲,YA･DA･YO [Reborn],Expert,11,11.6,SD
原创乐曲,YA･DA･YO [Reborn],Master,11+,11.7,SD
原创乐曲,Natural Flow,Basic,4,4.0,SD
原创乐曲,Natural Flow,Advanced,7,7.1,SD
原创乐曲,Natural Flow,Expert,10,10.1,SD
原创乐曲,Natural Flow,Master,10,10.1,SD
原创乐曲,Crush On You,Basic,4,4.0,SD
原创乐曲,Crush On You,Advanced,6,6.8,SD
原创乐曲,Crush On You,Expert,8,8.0,SD
原创乐曲,Crush On You,Master,10,10.0,SD
原创乐曲,Crush On You,Re:Master,12+,12.9,SD
原创乐曲,Sun Dance,Basic,4,4.0,SD
原创乐曲,Sun Dance,Advanced,6,6.8,SD
原创乐曲,Sun Dance,Expert,7+,7.7,SD
原创乐曲,Sun Dance,Master,9,9.1,SD
原创乐曲,Sun Dance,Re:Master,12+,12.9,SD
原创乐曲,In Chaos,Basic,5,5.0,SD
原创乐曲,In Chaos,Advanced,6,6.8,SD
原创乐曲,In Chaos,Expert,8,8.0,SD
原创乐曲,In Chaos,Master,10+,10.7,SD
原创乐曲,In Chaos,Re:Master,13+,13.7,SD
原创乐曲,Beat Of Mind,Basic,6,6.0,SD
原创乐曲,Beat Of Mind,Advanced,8,8.5,SD
原创乐曲,Beat Of Mind,Expert,10,10.5,SD
原创乐曲,Beat Of Mind,Master,10,10.5,SD
原创乐曲,Beat Of Mind,Re:Master,13,13.5,SD
原创乐曲,JACKY [Remix],Basic,4,4.0,SD
原创乐曲,JACKY [Remix],Advanced,6,6.7,SD
原创乐曲,JACKY [Remix],Expert,9,9.6,SD
原创乐曲,JACKY [Remix],Master,12,12.1,SD
原创乐曲,Mysterious Destiny,Basic,4,4.0,SD
原创乐曲,Mysterious Destiny,Advanced,6,6.7,SD
原创乐曲,Mysterious Destiny,Expert,10,10.6,SD
原创乐曲,Mysterious Destiny,Master,12,12.2,SD
原创乐曲,Riders Of The Light,Basic,3,3.0,SD
原创乐曲,Riders Of The Light,Advanced,6,6.6,SD
原创乐曲,Riders Of The Light,Expert,9+,9.9,SD
原创乐曲,Riders Of The Light,Master,10,10.2,SD
原创乐曲,コトバ・カラフル,Basic,3,3.0,SD
原创乐曲,コトバ・カラフル,Advanced,6,6.4,SD
原创乐曲,コトバ・カラフル,Expert,7,7.4,SD
原创乐曲,コトバ・カラフル,Master,11,11.6,SD
原创乐曲,天国と地獄,Basic,5,5.0,SD
原创乐曲,天国と地獄,Advanced,7,7.2,SD
原创乐曲,天国と地獄,Expert,8,8.6,SD
原创乐曲,天国と地獄,Master,11+,11.9,SD
原创乐曲,きみのためなら死ねる,Basic,4,4.0,SD
原创乐曲,きみのためなら死ねる,Advanced,6,6.2,SD
原创乐曲,きみのためなら死ねる,Expert,8,8.6,SD
原创乐曲,きみのためなら死ねる,Master,10,10.6,SD
原创乐曲,The Great Journey,Basic,4,4.0,SD
原创乐曲,The Great Journey,Advanced,6,6.0,SD
原创乐曲,The Great Journey,Expert,8+,8.9,SD
原创乐曲,The Great Journey,Master,10,10.0,SD
原创乐曲,Burning Hearts ～炎のANGEL～,Basic,4,4.0,SD
原创乐曲,Burning Hearts ～炎のANGEL～,Advanced,7,7.6,SD
原创乐曲,Burning Hearts ～炎のANGEL～,Expert,9,9.5,SD
原创乐曲,Burning Hearts ～炎のANGEL～,Master,10,10.4,SD
原创乐曲,Burning Hearts ～炎のANGEL～,Re:Master,12+,12.7,SD
原创乐曲,かせげ！ジャリンコヒーロー,Basic,4,4.0,SD
原创乐曲,かせげ！ジャリンコヒーロー,Advanced,6,6.8,SD
原创乐曲,かせげ！ジャリンコヒーロー,Expert,8,8.3,SD
原创乐曲,かせげ！ジャリンコヒーロー,Master,10+,10.7,SD
原创乐曲,ココロスキャンのうた,Basic,4,4.0,SD
原创乐曲,ココロスキャンのうた,Advanced,6,6.7,SD
原创乐曲,ココロスキャンのうた,Expert,9,9.6,SD
原创乐曲,ココロスキャンのうた,Master,12,12.5,SD
原创乐曲,超絶！Superlative,Basic,5,5.0,SD
原创乐曲,超絶！Superlative,Advanced,7+,7.9,SD
原创乐曲,超絶！Superlative,Expert,10,10.2,SD
原创乐曲,超絶！Superlative,Master,10+,10.8,SD
原创乐曲,采配の刻 Power of order,Basic,5,5.0,SD
原创乐曲,采配の刻 Power of order,Advanced,7+,7.8,SD
原创乐曲,采配の刻 Power of order,Expert,10,10.2,SD
原创乐曲,采配の刻 Power of order,Master,11,11.2,SD
原创乐曲,DO RORO DERODERO ON DO RORO,Basic,5,5.0,SD
原创乐曲,DO RORO DERODERO ON DO RORO,Advanced,8,8.1,SD
原创乐曲,DO RORO DERODERO ON DO RORO,Expert,11,11.5,SD
原创乐曲,DO RORO DERODERO ON DO RORO,Master,12,12.0,SD
原创乐曲,源平大戦絵巻テーマソング,Basic,5,5.0,SD
原创乐曲,源平大戦絵巻テーマソング,Advanced,7+,7.7,SD
原创乐曲,源平大戦絵巻テーマソング,Expert,9,9.1,SD
原创乐曲,源平大戦絵巻テーマソング,Master,10+,10.8,SD
原创乐曲,怪盗Rのテーマ,Basic,5,5.0,SD
原创乐曲,怪盗Rのテーマ,Advanced,7,7.0,SD
原创乐曲,怪盗Rのテーマ,Expert,8+,8.9,SD
原创乐曲,怪盗Rのテーマ,Master,11,11.3,SD
原创乐曲,マリアをはげませ,Basic,4,4.0,SD
原创乐曲,マリアをはげませ,Advanced,6,6.2,SD
原创乐曲,マリアをはげませ,Expert,7,7.4,SD
原创乐曲,マリアをはげませ,Master,10,10.1,SD
原创乐曲,SHOW TIME,Basic,4,4.0,SD
原创乐曲,SHOW TIME,Advanced,5,5.8,SD
原创乐曲,SHOW TIME,Expert,7+,7.8,SD
原创乐曲,SHOW TIME,Master,10,10.1,SD
原创乐曲,円舞曲、君に,Basic,4,4.0,SD
原创乐曲,円舞曲、君に,Advanced,6,6.0,SD
原创乐曲,円舞曲、君に,Expert,9+,9.8,SD
原创乐曲,円舞曲、君に,Master,11+,11.7,SD
原创乐曲,御旗のもとに,Basic,4,4.0,SD
原创乐曲,御旗のもとに,Advanced,6,6.2,SD
原创乐曲,御旗のもとに,Expert,10,10.6,SD
原创乐曲,御旗のもとに,Master,11,11.0,SD
原创乐曲,地上の戦士,Basic,4,4.0,SD
原创乐曲,地上の戦士,Advanced,6,6.9,SD
原创乐曲,地上の戦士,Expert,9,9.5,SD
原创乐曲,地上の戦士,Master,10+,10.7,SD
原创乐曲,檄！帝国華撃団(改),Basic,4,4.0,SD
原创乐曲,檄！帝国華撃団(改),Advanced,6,6.6,SD
原创乐曲,檄！帝国華撃団(改),Expert,8,8.1,SD
原创乐曲,檄！帝国華撃団(改),Master,8+,8.7,SD
原创乐曲,檄！帝国華撃団(改),Re:Master,11,11.0,SD
原创乐曲,Outlaw''s Lullaby,Basic,4,4.0,SD
原创乐曲,Outlaw''s Lullaby,Advanced,7+,7.8,SD
原创乐曲,Outlaw''s Lullaby,Expert,9,9.1,SD
原创乐曲,Outlaw''s Lullaby,Master,12+,12.9,SD
原创乐曲,Brand-new Japanesque,Basic,4,4.0,SD
原创乐曲,Brand-new Japanesque,Advanced,7,7.6,SD
原创乐曲,Brand-new Japanesque,Expert,9,9.1,SD
原创乐曲,Brand-new Japanesque,Master,11+,11.8,SD
原创乐曲,鼓動,Basic,3,3.0,SD
原创乐曲,鼓動,Advanced,6,6.9,SD
原创乐曲,鼓動,Expert,9,9.2,SD
原创乐曲,鼓動,Master,12,12.6,SD
原创乐曲,神室雪月花,Basic,4,4.0,SD
原创乐曲,神室雪月花,Advanced,6,6.9,SD
原创乐曲,神室雪月花,Expert,10+,10.7,SD
原创乐曲,神室雪月花,Master,11,11.3,SD
原创乐曲,KONNANじゃないっ！,Basic,4,4.0,SD
原创乐曲,KONNANじゃないっ！,Advanced,6,6.0,SD
原创乐曲,KONNANじゃないっ！,Expert,7,7.5,SD
原创乐曲,KONNANじゃないっ！,Master,12,12.3,SD
原创乐曲,セガサターン起動音[H.][Remix],Basic,3,3.0,SD
原创乐曲,セガサターン起動音[H.][Remix],Advanced,6,6.3,SD
原创乐曲,セガサターン起動音[H.][Remix],Expert,9,9.6,SD
原创乐曲,セガサターン起動音[H.][Remix],Master,11+,11.7,SD
原创乐曲,Infantoon Fantasy,Basic,5,5.0,SD
原创乐曲,Infantoon Fantasy,Advanced,7+,7.8,SD
原创乐曲,Infantoon Fantasy,Expert,9,9.3,SD
原创乐曲,Infantoon Fantasy,Master,12,12.5,SD
原创乐曲,幾四音-Ixion-,Basic,5,5.0,SD
原创乐曲,幾四音-Ixion-,Advanced,7+,7.8,SD
原创乐曲,幾四音-Ixion-,Expert,9,9.2,SD
原创乐曲,幾四音-Ixion-,Master,11+,11.7,SD
原创乐曲,Counselor,Basic,4,4.0,SD
原创乐曲,Counselor,Advanced,7,7.0,SD
原创乐曲,Counselor,Expert,9,9.0,SD
原创乐曲,Counselor,Master,10+,10.7,SD
原创乐曲,Invitation,Basic,4,4.0,SD
原创乐曲,Invitation,Advanced,6,6.8,SD
原创乐曲,Invitation,Expert,8,8.3,SD
原创乐曲,Invitation,Master,11+,11.7,SD
原创乐曲,その群青が愛しかったようだった,Basic,5,5.0,SD
原创乐曲,その群青が愛しかったようだった,Advanced,7,7.0,SD
原创乐曲,その群青が愛しかったようだった,Expert,9,9.5,SD
原创乐曲,その群青が愛しかったようだった,Master,11,11.4,SD
原创乐曲,The wheel to the right,Basic,6,6.0,SD
原创乐曲,The wheel to the right,Advanced,8,8.1,SD
原创乐曲,The wheel to the right,Expert,11,11.0,SD
原创乐曲,The wheel to the right,Master,12+,12.9,SD
原创乐曲,光線チューニング,Basic,5,5.0,SD
原创乐曲,光線チューニング,Advanced,7,7.2,SD
原创乐曲,光線チューニング,Expert,9+,9.8,SD
原创乐曲,光線チューニング,Master,12,12.1,SD
原创乐曲,心象蜃気楼,Basic,5,5.0,SD
原创乐曲,心象蜃気楼,Advanced,7,7.0,SD
原创乐曲,心象蜃気楼,Expert,9,9.5,SD
原创乐曲,心象蜃気楼,Master,12,12.4,SD
原创乐曲,エンドマークに希望と涙を添えて,Basic,6,6.0,SD
原创乐曲,エンドマークに希望と涙を添えて,Advanced,8+,8.8,SD
原创乐曲,エンドマークに希望と涙を添えて,Expert,11,11.1,SD
原创乐曲,エンドマークに希望と涙を添えて,Master,13,13.3,SD
原创乐曲,World Vanquisher,Basic,6,6.0,SD
原创乐曲,World Vanquisher,Advanced,8+,8.8,SD
原创乐曲,World Vanquisher,Expert,11,11.6,SD
原创乐曲,World Vanquisher,Master,13,13.2,SD
原创乐曲,Xevel,Basic,6,6.0,SD
原创乐曲,Xevel,Advanced,8,8.0,SD
原创乐曲,Xevel,Expert,11,11.0,SD
原创乐曲,Xevel,Master,13,13.3,SD
原创乐曲,We Gonna Journey,Basic,6,6.0,SD
原创乐曲,We Gonna Journey,Advanced,8,8.3,SD
原创乐曲,We Gonna Journey,Expert,10+,10.9,SD
原创乐曲,We Gonna Journey,Master,12+,12.9,SD
原创乐曲,My First Phone,Basic,5,5.0,SD
原创乐曲,My First Phone,Advanced,7+,7.8,SD
原创乐曲,My First Phone,Expert,10+,10.9,SD
原创乐曲,My First Phone,Master,12+,12.8,SD
原创乐曲,怒槌,Basic,6,6.0,SD
原创乐曲,怒槌,Advanced,8+,8.8,SD
原创乐曲,怒槌,Expert,11+,11.8,SD
原创乐曲,怒槌,Master,13,13.6,SD
原创乐曲,TiamaT:F minor,Basic,6,6.0,SD
原创乐曲,TiamaT:F minor,Advanced,9,9.5,SD
原创乐曲,TiamaT:F minor,Expert,11+,11.8,SD
原创乐曲,TiamaT:F minor,Master,13,13.2,SD
原创乐曲,Kattobi KEIKYU Rider,Basic,5,5.0,SD
原创乐曲,Kattobi KEIKYU Rider,Advanced,8,8.5,SD
原创乐曲,Kattobi KEIKYU Rider,Expert,11,11.0,SD
原创乐曲,Kattobi KEIKYU Rider,Master,12+,12.8,SD
原创乐曲,ハート・ビート,Basic,5,5.0,SD
原创乐曲,ハート・ビート,Advanced,7,7.5,SD
原创乐曲,ハート・ビート,Expert,9,9.2,SD
原创乐曲,ハート・ビート,Master,12,12.1,SD
原创乐曲,brilliant better,Basic,5,5.0,SD
原创乐曲,brilliant better,Advanced,6,6.7,SD
原创乐曲,brilliant better,Expert,9+,9.9,SD
原创乐曲,brilliant better,Master,11+,11.7,SD
原创乐曲,フォルテシモBELL,Basic,3,3.0,SD
原创乐曲,フォルテシモBELL,Advanced,6,6.1,SD
原创乐曲,フォルテシモBELL,Expert,7+,7.8,SD
原创乐曲,フォルテシモBELL,Master,11,11.2,SD
原创乐曲,DETARAME ROCK＆ROLL THEORY,Basic,4,4.0,SD
原创乐曲,DETARAME ROCK＆ROLL THEORY,Advanced,7,7.6,SD
原创乐曲,DETARAME ROCK＆ROLL THEORY,Expert,9,9.5,SD
原创乐曲,DETARAME ROCK＆ROLL THEORY,Master,12,12.2,SD
原创乐曲,私の中の幻想的世界観及びその顕現を想起させたある現実での出来事に関する一考察,Basic,5,5.0,SD
原创乐曲,私の中の幻想的世界観及びその顕現を想起させたある現実での出来事に関する一考察,Advanced,6,6.7,SD
原创乐曲,私の中の幻想的世界観及びその顕現を想起させたある現実での出来事に関する一考察,Expert,8,8.2,SD
原创乐曲,私の中の幻想的世界観及びその顕現を想起させたある現実での出来事に関する一考察,Master,12,12.0,SD
原创乐曲,猛進ソリストライフ！,Basic,6,6.0,SD
原创乐曲,猛進ソリストライフ！,Advanced,8+,8.7,SD
原创乐曲,猛進ソリストライフ！,Expert,10+,10.8,SD
原创乐曲,猛進ソリストライフ！,Master,12+,12.7,SD
原创乐曲,My Dearest Song,Basic,4,4.0,SD
原创乐曲,My Dearest Song,Advanced,7,7.5,SD
原创乐曲,My Dearest Song,Expert,10,10.2,SD
原创乐曲,My Dearest Song,Master,12,12.5,SD
原创乐曲,SPICY SWINGY STYLE,Basic,5,5.0,SD
原创乐曲,SPICY SWINGY STYLE,Advanced,7+,7.8,SD
原创乐曲,SPICY SWINGY STYLE,Expert,10,10.0,SD
原创乐曲,SPICY SWINGY STYLE,Master,12,12.1,SD
原创乐曲,Bang Babang Bang!!!,Basic,5,5.0,SD
原创乐曲,Bang Babang Bang!!!,Advanced,7+,7.7,SD
原创乐曲,Bang Babang Bang!!!,Expert,9+,9.8,SD
原创乐曲,Bang Babang Bang!!!,Master,12,12.0,SD
原创乐曲,Tic Tac DREAMIN’,Basic,4,4.0,SD
原创乐曲,Tic Tac DREAMIN’,Advanced,6,6.5,SD
原创乐曲,Tic Tac DREAMIN’,Expert,8,8.0,SD
原创乐曲,Tic Tac DREAMIN’,Master,11,11.0,SD
原创乐曲,猫祭り,Basic,4,4.0,SD
原创乐曲,猫祭り,Advanced,7+,7.7,SD
原创乐曲,猫祭り,Expert,10,10.0,SD
原创乐曲,猫祭り,Master,12,12.0,SD
原创乐曲,TRUST,Basic,5,5.0,SD
原创乐曲,TRUST,Advanced,7,7.0,SD
原创乐曲,TRUST,Expert,9+,9.7,SD
原创乐曲,TRUST,Master,12,12.1,SD
原创乐曲,奏者はただ背中と提琴で語るのみ,Basic,6,6.0,SD
原创乐曲,奏者はただ背中と提琴で語るのみ,Advanced,8,8.4,SD
原创乐曲,奏者はただ背中と提琴で語るのみ,Expert,10,10.5,SD
原创乐曲,奏者はただ背中と提琴で語るのみ,Master,12+,12.7,SD
原创乐曲,イロトリドリのメロディ,Basic,4,4.0,SD
原创乐曲,イロトリドリのメロディ,Advanced,6,6.5,SD
原创乐曲,イロトリドリのメロディ,Expert,9,9.5,SD
原创乐曲,イロトリドリのメロディ,Master,11+,11.7,SD
原创乐曲,-OutsideR:RequieM-,Basic,4,4.0,SD
原创乐曲,-OutsideR:RequieM-,Advanced,7,7.0,SD
原创乐曲,-OutsideR:RequieM-,Expert,9+,9.8,SD
原创乐曲,-OutsideR:RequieM-,Master,12,12.3,SD
原创乐曲,Change Our MIRAI！,Basic,4,4.0,SD
原创乐曲,Change Our MIRAI！,Advanced,7,7.2,SD
原创乐曲,Change Our MIRAI！,Expert,9,9.5,SD
原创乐曲,Change Our MIRAI！,Master,11+,11.7,SD
原创乐曲,無敵We are one!!,Basic,5,5.0,SD
原创乐曲,無敵We are one!!,Advanced,7+,7.8,SD
原创乐曲,無敵We are one!!,Expert,8+,8.7,SD
原创乐曲,無敵We are one!!,Master,12,12.2,SD
原创乐曲,ドキドキDREAM!!!,Basic,5,5.0,SD
原创乐曲,ドキドキDREAM!!!,Advanced,7+,7.9,SD
原创乐曲,ドキドキDREAM!!!,Expert,9+,9.9,SD
原创乐曲,ドキドキDREAM!!!,Master,11+,11.8,SD
原创乐曲,Still,Basic,4,4.0,SD
原创乐曲,Still,Advanced,6,6.8,SD
原创乐曲,Still,Expert,9+,9.7,SD
原创乐曲,Still,Master,12,12.4,SD
原创乐曲,あねぺったん,Basic,5,5.0,SD
原创乐曲,あねぺったん,Advanced,7,7.4,SD
原创乐曲,あねぺったん,Expert,9,9.2,SD
原创乐曲,あねぺったん,Master,11+,11.8,SD
原创乐曲,なるとなぎのパーフェクトロックンロール教室,Basic,5,5.0,SD
原创乐曲,なるとなぎのパーフェクトロックンロール教室,Advanced,7,7.0,SD
原创乐曲,なるとなぎのパーフェクトロックンロール教室,Expert,9+,9.7,SD
原创乐曲,なるとなぎのパーフェクトロックンロール教室,Master,12,12.3,SD
原创乐曲,"Help me, あーりん！",Basic,4,4.0,SD
原创乐曲,"Help me, あーりん！",Advanced,7,7.0,SD
原创乐曲,"Help me, あーりん！",Expert,9,9.0,SD
原创乐曲,"Help me, あーりん！",Master,11+,11.7,SD
原创乐曲,言ノ葉カルマ,Basic,4,4.0,SD
原创乐曲,言ノ葉カルマ,Advanced,6,6.7,SD
原创乐曲,言ノ葉カルマ,Expert,9,9.1,SD
原创乐曲,言ノ葉カルマ,Master,11+,11.9,SD
原创乐曲,悪戯,Basic,4,4.0,SD
原创乐曲,悪戯,Advanced,6,6.4,SD
原创乐曲,悪戯,Expert,8+,8.8,SD
原创乐曲,悪戯,Master,11,11.3,SD
原创乐曲,言ノ葉遊戯,Basic,4,4.0,SD
原创乐曲,言ノ葉遊戯,Advanced,7,7.0,SD
原创乐曲,言ノ葉遊戯,Expert,9,9.4,SD
原创乐曲,言ノ葉遊戯,Master,11,11.4,SD
原创乐曲,りばーぶ,Basic,3,3.0,SD
原创乐曲,りばーぶ,Advanced,6,6.2,SD
原创乐曲,りばーぶ,Expert,8,8.5,SD
原创乐曲,りばーぶ,Master,10,10.4,SD
原创乐曲,洗脳,Basic,4,4.0,SD
原创乐曲,洗脳,Advanced,6,6.3,SD
原创乐曲,洗脳,Expert,9,9.0,SD
原创乐曲,洗脳,Master,10,10.3,SD
原创乐曲,洗脳,Re:Master,10+,10.7,SD
原创乐曲,Barbed Eye,Basic,4,4.0,SD
原创乐曲,Barbed Eye,Advanced,6,6.8,SD
原创乐曲,Barbed Eye,Expert,9,9.2,SD
原创乐曲,Barbed Eye,Master,11+,11.7,SD
原创乐曲,空威張りビヘイビア,Basic,4,4.0,SD
原创乐曲,空威張りビヘイビア,Advanced,7,7.3,SD
原创乐曲,空威張りビヘイビア,Expert,9,9.3,SD
原创乐曲,空威張りビヘイビア,Master,12,12.4,SD
原创乐曲,分からない,Basic,4,4.0,SD
原创乐曲,分からない,Advanced,7+,7.7,SD
原创乐曲,分からない,Expert,9+,9.8,SD
原创乐曲,分からない,Master,12+,12.9,SD
原创乐曲,天国と地獄 -言ノ葉リンネ-,Basic,4,4.0,SD
原创乐曲,天国と地獄 -言ノ葉リンネ-,Advanced,6,6.8,SD
原创乐曲,天国と地獄 -言ノ葉リンネ-,Expert,9+,9.8,SD
原创乐曲,天国と地獄 -言ノ葉リンネ-,Master,11+,11.8,SD
原创乐曲,相思創愛,Basic,5,5.0,SD
原创乐曲,相思創愛,Advanced,7+,7.8,SD
原创乐曲,相思創愛,Expert,9+,9.8,SD
原创乐曲,相思創愛,Master,12,12.2,SD
原创乐曲,咲キ誇レ常世ノ華,Basic,5,5.0,SD
原创乐曲,咲キ誇レ常世ノ華,Advanced,7,7.2,SD
原创乐曲,咲キ誇レ常世ノ華,Expert,10,10.2,SD
原创乐曲,咲キ誇レ常世ノ華,Master,12,12.4,SD
原创乐曲,BLACK ROSE,Basic,3,3.0,DX
原创乐曲,BLACK ROSE,Advanced,6,6.5,DX
原创乐曲,BLACK ROSE,Expert,9,9.5,DX
原创乐曲,BLACK ROSE,Master,11+,11.9,DX
原创乐曲,Secret Sleuth,Basic,4,4.0,DX
原创乐曲,Secret Sleuth,Advanced,7,7.0,DX
原创乐曲,Secret Sleuth,Expert,10,10.5,DX
原创乐曲,Secret Sleuth,Master,12+,12.8,DX
原创乐曲,PANDORA PARADOXXX,Basic,7+,7.7,SD
原创乐曲,PANDORA PARADOXXX,Advanced,10+,10.7,SD
原创乐曲,PANDORA PARADOXXX,Expert,12+,12.7,SD
原创乐曲,PANDORA PARADOXXX,Master,13+,13.9,SD
原创乐曲,PANDORA PARADOXXX,Re:Master,14,14.0,SD
原创乐曲,Believe the Rainbow,Basic,4,4.0,SD
原创乐曲,Believe the Rainbow,Advanced,7+,7.8,SD
原创乐曲,Believe the Rainbow,Expert,8+,8.8,SD
原创乐曲,Believe the Rainbow,Master,12,12.0,SD
原创乐曲,Oshama Scramble!,Basic,5,5.0,SD
原创乐曲,Oshama Scramble!,Advanced,7+,7.8,SD
原创乐曲,Oshama Scramble!,Expert,10,10.0,SD
原创乐曲,Oshama Scramble!,Master,13,13.3,SD
原创乐曲,アポカリプスに反逆の焔を焚べろ,Basic,6,6.0,DX
原创乐曲,アポカリプスに反逆の焔を焚べろ,Advanced,8,8.5,DX
原创乐曲,アポカリプスに反逆の焔を焚べろ,Expert,11+,11.8,DX
原创乐曲,アポカリプスに反逆の焔を焚べろ,Master,13+,13.7,DX
原创乐曲,Now or Never,Basic,5,5.0,DX
原创乐曲,Now or Never,Advanced,7,7.5,DX
原创乐曲,Now or Never,Expert,10,10.2,DX
原创乐曲,Now or Never,Master,12+,12.8,DX
原创乐曲,TEmPTaTiON,Basic,6,6.0,DX
原创乐曲,TEmPTaTiON,Advanced,8,8.5,DX
原创乐曲,TEmPTaTiON,Expert,11+,11.9,DX
原创乐曲,TEmPTaTiON,Master,13+,13.8,DX
原创乐曲,福宿音屋魂音泉,Basic,4,4.0,DX
原创乐曲,福宿音屋魂音泉,Advanced,7,7.2,DX
原创乐曲,福宿音屋魂音泉,Expert,10,10.5,DX
原创乐曲,福宿音屋魂音泉,Master,12+,12.7,DX
原创乐曲,キリキリ舞Mine,Basic,5,5.0,DX
原创乐曲,キリキリ舞Mine,Advanced,7+,7.8,DX
原创乐曲,キリキリ舞Mine,Expert,10+,10.8,DX
原创乐曲,キリキリ舞Mine,Master,12+,12.7,DX
原创乐曲,一か罰,Basic,5,5.0,DX
原创乐曲,一か罰,Advanced,7+,7.8,DX
原创乐曲,一か罰,Expert,10+,10.8,DX
原创乐曲,一か罰,Master,12,12.4,DX
原创乐曲,玩具狂奏曲 -終焉-,Basic,6,6.0,DX
原创乐曲,玩具狂奏曲 -終焉-,Advanced,8,8.0,DX
原创乐曲,玩具狂奏曲 -終焉-,Expert,12,12.0,DX
原创乐曲,玩具狂奏曲 -終焉-,Master,13,13.4,DX
原创乐曲,Titania,Basic,6,6.0,DX
原创乐曲,Titania,Advanced,8,8.0,DX
原创乐曲,Titania,Expert,11+,11.8,DX
原创乐曲,Titania,Master,13,13.6,DX
